month,id,otherTable_id
2018-09-01,1001,4.0
2018-08-01,1002,4.0
2018-07-01,1003,4.0
2018-06-01,1004,4.0
2018-05-01,1005,4.0
2018-04-01,1006,4.0
2018-03-01,1007,4.0
2018-02-01,1008,4.0
2018-01-01,1009,4.0
2017-12-01,1010,4.0
2017-11-01,1011,4.0
2017-10-01,1012,4.0
2019-01-01,1028,4.0
2018-12-01,1029,4.0
2018-11-01,1030,4.0
2018-10-01,1031,4.0
2018-09-01,1032,4.0
2018-08-01,1033,4.0
2018-07-01,1034,4.0
2018-06-01,1035,4.0
2018-05-01,1036,4.0
2018-04-01,1037,4.0
2018-03-01,1038,4.0
2018-02-01,1039,4.0
2018-01-01,1040,4.0
2017-12-01,1041,4.0
2017-11-01,1042,4.0
2017-10-01,1043,4.0
2017-09-01,1044,4.0
2017-08-01,1045,4.0
2017-07-01,1046,4.0
2017-06-01,1047,4.0
2017-05-01,1048,4.0
2017-04-01,1049,4.0
2017-03-01,1050,4.0
2017-02-01,1051,4.0
2017-01-01,1052,4.0
2019-01-01,1068,4.0
2018-12-01,1069,4.0
2018-11-01,1070,4.0
2018-10-01,1071,4.0
2018-09-01,1072,4.0
2018-08-01,1073,4.0
2018-07-01,1074,4.0
2018-06-01,1075,4.0
2018-05-01,1076,4.0
2018-04-01,1077,4.0
2018-03-01,1078,4.0
2018-02-01,1079,4.0
2018-01-01,1080,4.0
2017-12-01,1081,4.0
2017-11-01,1082,4.0
2017-10-01,1083,4.0
2017-09-01,1084,4.0
2017-08-01,1085,4.0
2017-07-01,1086,4.0
2017-06-01,1087,4.0
2017-05-01,1088,4.0
2017-04-01,1089,4.0
2017-03-01,1090,4.0
2017-02-01,1091,4.0
2017-01-01,1092,4.0
2019-01-01,1130,4.0
2018-12-01,1131,4.0
2018-11-01,1132,4.0
2018-10-01,1133,4.0
2018-09-01,1134,4.0
2018-08-01,1135,4.0
2018-07-01,1136,4.0
2018-06-01,1137,4.0
2018-05-01,1138,4.0
2018-04-01,1139,4.0
2018-03-01,1140,4.0
2018-02-01,1141,4.0
2018-01-01,1142,4.0
2017-12-01,1143,4.0
2017-11-01,1144,4.0
2017-10-01,1145,4.0
2017-09-01,1146,4.0
2017-12-01,1147,4.0
2017-10-01,1148,4.0
2017-07-01,1149,4.0
2017-06-01,1150,4.0
2017-05-01,1151,4.0
2017-03-01,1152,4.0
2017-02-01,1153,4.0
2017-01-01,1154,4.0
2019-01-01,1171,4.0
2018-12-01,1172,4.0
2018-11-01,1173,4.0
2018-10-01,1174,4.0
2018-09-01,1175,4.0
2018-08-01,1176,4.0
2018-07-01,1177,4.0
2018-06-01,1178,4.0
2018-05-01,1179,4.0
2018-04-01,1180,4.0
2018-03-01,1181,4.0
2018-02-01,1182,4.0
2018-01-01,1183,4.0
2017-12-01,1184,4.0
2017-11-01,1185,4.0
2017-10-01,1186,4.0
2017-09-01,1187,4.0
2017-08-01,1188,4.0
2017-07-01,1189,4.0
2017-06-01,1190,4.0
2017-08-01,1193,4.0
2017-07-01,1194,4.0
2017-06-01,1195,4.0
2017-05-01,1196,4.0
2017-04-01,1197,4.0
2017-03-01,1198,4.0
2017-02-01,1199,4.0
2017-01-01,1200,4.0
2017-05-01,1206,4.0
2017-04-01,1207,4.0
2017-03-01,1208,4.0
2017-02-01,1209,4.0
2017-01-01,1210,4.0
2019-01-01,1233,4.0
2018-12-01,1234,4.0
2018-11-01,1235,4.0
2018-10-01,1236,4.0
2018-09-01,1237,4.0
2018-08-01,1238,4.0
2018-07-01,1239,4.0
2018-06-01,1240,4.0
2018-05-01,1241,4.0
2018-04-01,1242,4.0
2018-03-01,1243,4.0
2018-02-01,1244,4.0
2018-01-01,1245,4.0
2017-12-01,1246,4.0
2017-11-01,1247,4.0
2017-10-01,1248,4.0
2017-09-01,1249,4.0
2017-08-01,1250,4.0
2017-07-01,1251,4.0
2017-06-01,1252,4.0
2017-05-01,1253,4.0
2017-04-01,1254,4.0
2017-03-01,1255,4.0
2017-02-01,1256,4.0
2017-01-01,1257,4.0
2019-01-01,1274,4.0
2018-12-01,1275,4.0
2018-11-01,1276,4.0
2018-10-01,1277,4.0
2018-09-01,1278,4.0
2018-08-01,1279,4.0
2018-07-01,1280,4.0
2018-06-01,1281,4.0
2018-05-01,1282,4.0
2018-04-01,1283,4.0
2018-03-01,1284,4.0
2018-02-01,1285,4.0
2018-01-01,1286,4.0
2017-12-01,1287,4.0
2019-01-01,1298,4.0
2018-12-01,1299,4.0
2018-11-01,1300,4.0
2018-10-01,1301,4.0
2018-09-01,1302,4.0
2018-08-01,1303,4.0
2018-07-01,1304,4.0
2018-06-01,1305,4.0
2018-05-01,1306,4.0
2018-04-01,1307,4.0
2018-03-01,1308,4.0
2018-02-01,1309,4.0
2018-01-01,1310,4.0
2019-01-01,1325,4.0
2018-10-01,1326,4.0
2018-09-01,1327,4.0
2018-08-01,1328,4.0
2018-05-01,1329,4.0
2018-04-01,1330,4.0
2018-03-01,1331,4.0
2018-02-01,1332,4.0
2018-01-01,1333,4.0
2019-01-01,1360,4.0
2018-12-01,1361,4.0
2018-11-01,1362,4.0
2018-10-01,1363,4.0
2018-09-01,1364,4.0
2018-08-01,1365,4.0
2018-07-01,1366,4.0
2018-06-01,1367,4.0
2018-05-01,1368,4.0
2018-04-01,1369,4.0
2018-03-01,1370,4.0
2018-02-01,1371,4.0
2018-01-01,1372,4.0
2017-12-01,1373,4.0
2017-11-01,1374,4.0
2017-10-01,1375,4.0
2017-09-01,1376,4.0
2017-08-01,1377,4.0
2017-07-01,1378,4.0
2017-06-01,1379,4.0
2017-05-01,1380,4.0
2017-04-01,1381,4.0
2017-03-01,1382,4.0
2017-02-01,1383,4.0
2017-01-01,1384,4.0
2019-01-01,1400,4.0
2018-12-01,1401,4.0
2018-11-01,1402,4.0
2018-10-01,1403,4.0
2018-09-01,1404,4.0
2018-08-01,1405,4.0
2018-07-01,1406,4.0
2018-06-01,1407,4.0
2018-05-01,1408,4.0
2018-04-01,1409,4.0
2018-03-01,1410,4.0
2018-02-01,1411,4.0
2018-01-01,1412,4.0
2017-12-01,1413,4.0
2017-11-01,1414,4.0
2017-10-01,1415,4.0
2017-09-01,1416,4.0
2017-08-01,1417,4.0
2017-07-01,1418,4.0
2017-06-01,1419,4.0
2017-05-01,1420,4.0
2017-04-01,1421,4.0
2017-03-01,1422,4.0
2017-02-01,1423,4.0
2017-01-01,1424,4.0
2019-01-01,1440,6.0
2018-12-01,1441,6.0
2018-11-01,1442,6.0
2018-10-01,1443,6.0
2018-09-01,1444,6.0
2018-08-01,1445,6.0
2018-07-01,1446,6.0
2018-06-01,1447,6.0
2018-05-01,1448,6.0
2018-04-01,1449,6.0
2018-03-01,1450,6.0
2018-02-01,1451,6.0
2018-01-01,1452,6.0
2017-12-01,1453,6.0
2017-11-01,1454,6.0
2017-10-01,1455,6.0
2017-09-01,1456,6.0
2017-08-01,1457,6.0
2019-01-01,1473,6.0
2018-12-01,1474,6.0
2018-11-01,1475,6.0
2018-10-01,1476,6.0
2018-09-01,1477,6.0
2018-08-01,1478,6.0
2018-07-01,1479,6.0
2018-06-01,1480,6.0
2018-05-01,1481,6.0
2018-04-01,1482,6.0
2018-03-01,1483,6.0
2018-02-01,1484,6.0
2018-01-01,1485,6.0
2017-12-01,1486,6.0
2017-11-01,1487,6.0
2017-10-01,1488,6.0
2017-09-01,1489,6.0
2017-08-01,1490,6.0
2017-07-01,1491,6.0
2017-06-01,1492,6.0
2017-05-01,1493,6.0
2017-04-01,1494,6.0
2017-03-01,1495,6.0
2017-02-01,1496,6.0
2017-01-01,1497,6.0
2019-01-01,1518,6.0
2018-12-01,1519,6.0
2018-11-01,1520,6.0
2018-10-01,1521,6.0
2018-09-01,1522,6.0
2018-08-01,1523,6.0
2018-07-01,1524,6.0
2018-06-01,1525,6.0
2018-05-01,1526,6.0
2018-04-01,1527,6.0
2018-03-01,1528,6.0
2018-02-01,1529,6.0
2018-01-01,1530,6.0
2017-12-01,1531,6.0
2017-11-01,1532,6.0
2017-10-01,1533,6.0
2017-09-01,1534,6.0
2017-08-01,1535,6.0
2017-07-01,1536,6.0
2017-06-01,1537,6.0
2019-01-01,1569,6.0
2018-12-01,1570,6.0
2018-11-01,1571,6.0
2018-10-01,1572,6.0
2018-09-01,1573,6.0
2018-08-01,1574,6.0
2018-07-01,1575,6.0
2018-06-01,1576,6.0
2018-05-01,1577,6.0
2018-04-01,1578,6.0
2018-03-01,1579,6.0
2018-02-01,1580,6.0
2018-01-01,1581,6.0
2017-12-01,1582,6.0
2017-11-01,1583,6.0
2017-10-01,1584,6.0
2017-09-01,1585,6.0
2019-01-01,1601,6.0
2018-12-01,1602,6.0
2018-11-01,1603,6.0
2018-10-01,1604,6.0
2019-01-01,1620,6.0
2018-12-01,1621,6.0
2018-11-01,1622,6.0
2018-10-01,1623,6.0
2018-09-01,1624,6.0
2018-08-01,1625,6.0
2018-07-01,1626,6.0
2018-06-01,1627,6.0
2018-05-01,1628,6.0
2018-04-01,1629,6.0
2018-03-01,1630,6.0
2018-02-01,1631,6.0
2018-01-01,1632,6.0
2019-01-01,1657,6.0
2018-12-01,1658,6.0
2018-11-01,1659,6.0
2018-10-01,1660,6.0
2018-09-01,1661,6.0
2018-08-01,1662,6.0
2018-07-01,1663,6.0
2018-06-01,1664,6.0
2018-05-01,1665,6.0
2018-04-01,1666,6.0
2018-03-01,1667,6.0
2018-02-01,1668,6.0
2018-01-01,1669,6.0
2019-01-01,1685,6.0
2018-12-01,1686,6.0
2018-11-01,1687,6.0
2018-10-01,1688,6.0
2018-09-01,1689,6.0
2018-08-01,1690,6.0
2018-07-01,1691,6.0
2018-06-01,1692,6.0
2018-05-01,1693,6.0
2018-04-01,1694,6.0
2018-03-01,1695,6.0
2018-02-01,1696,6.0
2018-01-01,1697,6.0
2019-01-01,1712,6.0
2018-12-01,1713,6.0
2018-11-01,1714,6.0
2018-10-01,1715,6.0
2018-09-01,1716,6.0
2018-08-01,1717,6.0
2018-07-01,1718,6.0
2018-06-01,1719,6.0
2018-05-01,1720,6.0
2018-04-01,1721,6.0
2018-03-01,1722,6.0
2018-02-01,1723,6.0
2018-01-01,1724,6.0
2017-12-01,1725,6.0
2017-11-01,1726,6.0
2017-10-01,1727,6.0
2017-09-01,1728,6.0
2017-08-01,1729,6.0
2017-07-01,1730,6.0
2017-06-01,1731,6.0
2017-05-01,1732,6.0
2017-04-01,1733,6.0
2017-03-01,1734,6.0
2017-02-01,1735,6.0
2017-01-01,1736,6.0
2019-01-01,1752,6.0
2019-01-01,1767,6.0
2018-12-01,1768,6.0
2018-11-01,1769,6.0
2018-10-01,1770,6.0
2018-09-01,1771,6.0
2018-08-01,1772,6.0
2018-07-01,1773,6.0
2018-06-01,1774,6.0
2018-05-01,1775,6.0
2018-04-01,1776,6.0
2018-03-01,1777,6.0
2018-02-01,1778,6.0
2018-01-01,1779,6.0
2017-12-01,1780,6.0
2017-11-01,1781,6.0
2017-10-01,1782,6.0
2017-09-01,1783,6.0
2017-08-01,1784,6.0
2017-07-01,1785,6.0
2017-06-01,1786,6.0
2017-05-01,1787,6.0
2017-04-01,1788,6.0
2017-03-01,1789,6.0
2017-02-01,1790,6.0
2017-01-01,1791,6.0
2019-01-01,1805,8.0
2018-12-01,1806,8.0
2018-11-01,1807,8.0
2018-10-01,1808,8.0
2018-09-01,1809,8.0
2018-08-01,1810,8.0
2018-07-01,1811,8.0
2018-06-01,1812,8.0
2018-05-01,1813,8.0
2018-04-01,1814,8.0
2018-03-01,1815,8.0
2018-02-01,1816,8.0
2018-01-01,1817,8.0
2017-12-01,1818,8.0
2017-11-01,1819,8.0
2017-10-01,1820,8.0
2017-09-01,1821,8.0
2017-08-01,1822,8.0
2017-07-01,1823,8.0
2017-06-01,1824,8.0
2017-05-01,1825,8.0
2017-04-01,1826,8.0
2017-10-01,1827,8.0
2017-09-01,1828,8.0
2017-08-01,1829,8.0
2017-07-01,1830,8.0
2017-06-01,1831,8.0
2017-05-01,1832,8.0
2017-03-01,1833,8.0
2017-02-01,1834,8.0
2017-01-01,1835,8.0
2018-12-01,1839,8.0
2018-11-01,1840,8.0
2018-10-01,1841,8.0
2018-09-01,1842,8.0
2018-08-01,1843,8.0
2018-07-01,1844,8.0
2018-06-01,1845,8.0
2018-05-01,1846,8.0
2018-04-01,1847,8.0
2018-03-01,1848,8.0
2018-02-01,1849,8.0
2018-01-01,1850,8.0
2019-01-01,1866,8.0
2018-12-01,1867,8.0
2018-11-01,1868,8.0
2018-10-01,1869,8.0
2018-09-01,1870,8.0
2018-08-01,1871,8.0
2018-07-01,1872,8.0
2018-06-01,1873,8.0
2018-05-01,1874,8.0
2018-04-01,1875,8.0
2018-03-01,1876,8.0
2018-02-01,1877,8.0
2019-01-01,1887,8.0
2018-11-01,1888,8.0
2018-10-01,1889,8.0
2018-09-01,1890,8.0
2018-08-01,1891,8.0
2018-07-01,1892,8.0
2018-06-01,1893,8.0
2018-05-01,1894,8.0
2018-04-01,1895,8.0
2018-03-01,1896,8.0
2018-02-01,1897,8.0
2018-01-01,1898,8.0
2017-12-01,1899,8.0
2017-11-01,1900,8.0
2017-10-01,1901,8.0
2017-09-01,1902,8.0
2019-01-01,1918,8.0
2018-12-01,1919,8.0
2018-11-01,1920,8.0
2018-10-01,1921,8.0
2018-09-01,1922,8.0
2018-08-01,1923,8.0
2018-07-01,1924,8.0
2018-06-01,1925,8.0
2018-05-01,1926,8.0
2018-04-01,1927,8.0
2018-03-01,1928,8.0
2018-02-01,1929,8.0
2018-01-01,1930,8.0
2017-12-01,1931,8.0
2017-11-01,1932,8.0
2017-10-01,1933,8.0
2017-09-01,1934,8.0
2017-08-01,1935,8.0
2017-07-01,1936,8.0
2017-06-01,1937,8.0
2017-05-01,1938,8.0
2017-04-01,1939,8.0
2017-03-01,1940,8.0
2017-02-01,1941,8.0
2017-01-01,1942,8.0
2019-01-01,1959,8.0
2018-12-01,1960,8.0
2018-11-01,1961,8.0
2018-10-01,1962,8.0
2018-09-01,1963,8.0
2018-08-01,1964,8.0
2018-07-01,1965,8.0
2018-06-01,1966,8.0
2018-05-01,1967,8.0
2018-04-01,1968,8.0
2017-11-01,1969,8.0
2017-10-01,1970,8.0
2017-09-01,1971,8.0
2017-08-01,1972,8.0
2017-07-01,1973,8.0
2017-06-01,1974,8.0
2017-05-01,1975,8.0
2017-04-01,1976,8.0
2017-03-01,1977,8.0
2017-02-01,1978,8.0
2017-01-01,1979,8.0
2019-01-01,2029,8.0
2018-12-01,2030,8.0
2018-11-01,2031,8.0
2018-10-01,2032,8.0
2018-09-01,2033,8.0
2018-08-01,2034,8.0
2018-07-01,2035,8.0
2018-06-01,2036,8.0
2018-05-01,2037,8.0
2018-04-01,2038,8.0
2018-03-01,2039,8.0
2018-02-01,2040,8.0
2018-01-01,2041,8.0
2017-12-01,2042,8.0
2017-11-01,2043,8.0
2017-10-01,2044,8.0
2017-09-01,2045,8.0
2017-08-01,2046,8.0
2017-07-01,2047,8.0
2017-06-01,2048,8.0
2017-05-01,2049,8.0
2017-04-01,2050,8.0
2017-03-01,2051,8.0
2019-01-01,2058,8.0
2018-10-01,2059,8.0
2018-09-01,2060,8.0
2018-07-01,2061,8.0
2018-06-01,2062,8.0
2018-05-01,2063,8.0
2018-04-01,2064,8.0
2018-03-01,2065,8.0
2018-02-01,2066,8.0
2018-01-01,2067,8.0
2017-12-01,2068,8.0
2017-11-01,2069,8.0
2017-10-01,2070,8.0
2017-09-01,2071,8.0
2017-08-01,2072,8.0
2017-07-01,2073,8.0
2017-06-01,2074,8.0
2017-05-01,2075,8.0
2018-06-01,2081,8.0
2018-05-01,2082,8.0
2018-04-01,2083,8.0
2018-03-01,2084,8.0
2018-02-01,2085,8.0
2018-01-01,2086,8.0
2017-12-01,2087,8.0
2017-11-01,2088,8.0
2017-10-01,2089,8.0
2017-09-01,2090,8.0
2017-08-01,2091,8.0
2017-07-01,2092,8.0
2017-06-01,2093,8.0
2017-05-01,2094,8.0
2017-04-01,2095,8.0
2017-03-01,2096,8.0
2017-02-01,2097,8.0
2017-01-01,2098,8.0
2017-07-01,2117,8.0
2017-06-01,2118,8.0
2017-04-01,2119,8.0
2017-03-01,2120,8.0
2017-02-01,2121,8.0
2017-01-01,2122,8.0
2018-12-01,2140,8.0
2018-11-01,2141,8.0
2018-10-01,2142,8.0
2018-09-01,2143,8.0
2018-08-01,2144,8.0
2018-07-01,2145,8.0
2018-06-01,2146,8.0
2018-05-01,2147,8.0
2019-01-01,2179,8.0
2018-12-01,2180,8.0
2018-11-01,2181,8.0
2018-10-01,2182,8.0
2018-09-01,2183,8.0
2018-08-01,2184,8.0
2018-07-01,2185,8.0
2018-06-01,2186,8.0
2018-05-01,2187,8.0
2018-04-01,2188,8.0
2018-03-01,2189,8.0
2018-02-01,2190,8.0
2018-01-01,2191,8.0
2017-12-01,2192,8.0
2017-11-01,2193,8.0
2019-01-01,2208,8.0
2018-12-01,2209,8.0
2018-11-01,2210,8.0
2018-10-01,2211,8.0
2018-09-01,2212,8.0
2018-08-01,2213,8.0
2018-07-01,2214,8.0
2018-06-01,2215,8.0
2018-05-01,2216,8.0
2018-04-01,2217,8.0
2018-03-01,2218,8.0
2018-02-01,2219,8.0
2019-01-01,2222,8.0
2018-12-01,2223,8.0
2018-11-01,2224,8.0
2018-09-01,2225,8.0
2018-08-01,2226,8.0
2018-07-01,2227,8.0
2018-06-01,2228,8.0
2018-05-01,2229,8.0
2018-04-01,2230,8.0
2018-03-01,2231,8.0
2018-02-01,2232,8.0
2018-01-01,2233,8.0
2019-01-01,2249,8.0
2018-12-01,2250,8.0
2018-11-01,2251,8.0
2018-10-01,2252,8.0
2018-09-01,2253,8.0
2018-08-01,2254,8.0
2018-07-01,2255,8.0
2018-06-01,2256,8.0
2018-05-01,2257,8.0
2018-04-01,2258,8.0
2018-03-01,2259,8.0
2018-02-01,2260,8.0
2018-01-01,2261,8.0
2019-01-01,2285,8.0
2018-12-01,2286,8.0
2018-11-01,2287,8.0
2018-10-01,2288,8.0
2018-09-01,2289,8.0
2018-08-01,2290,8.0
2018-07-01,2291,8.0
2018-06-01,2292,8.0
2018-05-01,2293,8.0
2018-04-01,2294,8.0
2018-03-01,2295,8.0
2018-02-01,2296,8.0
2018-01-01,2297,8.0
2017-12-01,2298,8.0
2017-11-01,2299,8.0
2017-10-01,2300,8.0
2017-09-01,2301,8.0
2017-08-01,2302,8.0
2017-07-01,2303,8.0
2017-06-01,2304,8.0
2017-05-01,2305,8.0
2017-04-01,2306,8.0
2017-03-01,2307,8.0
2017-02-01,2308,8.0
2017-01-01,2309,8.0
2019-01-01,2323,8.0
2018-12-01,2324,8.0
2018-11-01,2325,8.0
2018-10-01,2326,8.0
2018-09-01,2327,8.0
2018-05-01,2328,8.0
2018-03-01,2329,8.0
2018-02-01,2330,8.0
2018-01-01,2331,8.0
2017-12-01,2332,8.0
2017-11-01,2333,8.0
2017-10-01,2334,8.0
2017-09-01,2335,8.0
2017-08-01,2336,8.0
2017-07-01,2337,8.0
2017-06-01,2338,8.0
2017-05-01,2339,8.0
2017-04-01,2340,8.0
2017-03-01,2341,8.0
2017-02-01,2342,8.0
2017-01-01,2343,8.0
2019-01-01,2357,9.0
2018-12-01,2358,9.0
2018-11-01,2359,9.0
2018-10-01,2360,9.0
2018-09-01,2361,9.0
2018-08-01,2362,9.0
2018-07-01,2363,9.0
2018-06-01,2364,9.0
2018-05-01,2365,9.0
2018-04-01,2366,9.0
2018-03-01,2367,9.0
2018-02-01,2368,9.0
2018-01-01,2369,9.0
2017-12-01,2370,9.0
2017-11-01,2371,9.0
2017-10-01,2372,9.0
2017-09-01,2373,9.0
2017-08-01,2374,9.0
2017-07-01,2375,9.0
2017-06-01,2376,9.0
2017-05-01,2377,9.0
2019-01-01,2392,9.0
2018-12-01,2393,9.0
2018-11-01,2394,9.0
2018-10-01,2395,9.0
2018-09-01,2396,9.0
2018-08-01,2397,9.0
2018-07-01,2398,9.0
2018-06-01,2399,9.0
2018-05-01,2400,9.0
2018-04-01,2401,9.0
2018-03-01,2402,9.0
2019-01-01,2417,9.0
2018-12-01,2418,9.0
2018-11-01,2419,9.0
2018-10-01,2420,9.0
2018-09-01,2421,9.0
2018-08-01,2422,9.0
2018-07-01,2423,9.0
2018-06-01,2424,9.0
2018-05-01,2425,9.0
2018-04-01,2426,9.0
2018-03-01,2427,9.0
2018-02-01,2428,9.0
2018-01-01,2429,9.0
2017-12-01,2430,9.0
2017-11-01,2431,9.0
2017-10-01,2432,9.0
2017-09-01,2433,9.0
2017-08-01,2434,9.0
2017-07-01,2435,9.0
2017-06-01,2436,9.0
2017-05-01,2437,9.0
2017-04-01,2438,9.0
2017-03-01,2439,9.0
2017-02-01,2440,9.0
2017-01-01,2441,9.0
2019-01-01,2469,9.0
2018-12-01,2470,9.0
2018-11-01,2471,9.0
2018-10-01,2472,9.0
2018-09-01,2473,9.0
2018-08-01,2474,9.0
2018-07-01,2475,9.0
2018-06-01,2476,9.0
2018-05-01,2477,9.0
2018-04-01,2478,9.0
2018-03-01,2479,9.0
2018-02-01,2480,9.0
2018-01-01,2481,9.0
2017-12-01,2482,9.0
2017-11-01,2483,9.0
2017-10-01,2484,9.0
2017-09-01,2485,9.0
2019-01-01,2494,9.0
2018-12-01,2495,9.0
2018-11-01,2496,9.0
2018-10-01,2497,9.0
2018-09-01,2498,9.0
2018-08-01,2499,9.0
2018-07-01,2500,9.0
2018-06-01,2501,9.0
2018-05-01,2502,9.0
2018-04-01,2503,9.0
2018-03-01,2504,9.0
2018-02-01,2505,9.0
2018-01-01,2506,9.0
2017-12-01,2507,9.0
2017-11-01,2508,9.0
2017-10-01,2509,9.0
2017-09-01,2510,9.0
2017-08-01,2511,9.0
2017-07-01,2512,9.0
2017-06-01,2513,9.0
2017-05-01,2514,9.0
2017-04-01,2515,9.0
2017-03-01,2516,9.0
2017-02-01,2517,9.0
2017-01-01,2518,9.0
2019-01-01,2535,9.0
2018-12-01,2536,9.0
2018-11-01,2537,9.0
2018-10-01,2538,9.0
2018-09-01,2539,9.0
2018-08-01,2540,9.0
2018-07-01,2541,9.0
2018-06-01,2542,9.0
2018-05-01,2543,9.0
2018-04-01,2544,9.0
2018-03-01,2545,9.0
2018-02-01,2546,9.0
2018-01-01,2547,9.0
2017-10-01,2548,9.0
2017-09-01,2549,9.0
2017-08-01,2550,9.0
2017-07-01,2551,9.0
2017-06-01,2552,9.0
2017-05-01,2553,9.0
2017-04-01,2554,9.0
2017-03-01,2555,9.0
2017-02-01,2556,9.0
2017-01-01,2557,9.0
2019-01-01,2586,9.0
2018-12-01,2587,9.0
2018-11-01,2588,9.0
2018-10-01,2589,9.0
2018-09-01,2590,9.0
2018-08-01,2591,9.0
2018-07-01,2592,9.0
2018-06-01,2593,9.0
2018-05-01,2594,9.0
2018-04-01,2595,9.0
2018-03-01,2596,9.0
2018-02-01,2597,9.0
2018-01-01,2598,9.0
2017-12-01,2599,9.0
2017-11-01,2600,9.0
2017-08-01,2601,9.0
2017-06-01,2602,9.0
2019-01-01,2618,9.0
2018-12-01,2619,9.0
2018-11-01,2620,9.0
2018-10-01,2621,9.0
2018-09-01,2622,9.0
2018-08-01,2623,9.0
2018-07-01,2624,9.0
2018-06-01,2625,9.0
2018-05-01,2626,9.0
2018-04-01,2627,9.0
2018-03-01,2628,9.0
2018-02-01,2629,9.0
2018-01-01,2630,9.0
2017-12-01,2631,9.0
2017-11-01,2632,9.0
2017-10-01,2633,9.0
2017-09-01,2634,9.0
2017-08-01,2635,9.0
2017-07-01,2636,9.0
2017-06-01,2637,9.0
2017-05-01,2638,9.0
2017-04-01,2639,9.0
2017-03-01,2640,9.0
2017-02-01,2641,9.0
2017-01-01,2642,9.0
2019-01-01,2679,9.0
2018-12-01,2680,9.0
2018-11-01,2681,9.0
2018-10-01,2682,9.0
2018-09-01,2683,9.0
2018-08-01,2684,9.0
2018-07-01,2685,9.0
2018-06-01,2686,9.0
2018-05-01,2687,9.0
2018-04-01,2688,9.0
2018-03-01,2689,9.0
2018-02-01,2690,9.0
2018-01-01,2691,9.0
2017-12-01,2692,9.0
2017-11-01,2693,9.0
2017-10-01,2694,9.0
2017-09-01,2695,9.0
2017-08-01,2696,9.0
2017-07-01,2697,9.0
2019-01-01,2712,9.0
2018-12-01,2713,9.0
2018-11-01,2714,9.0
2018-10-01,2715,9.0
2018-09-01,2716,9.0
2018-08-01,2717,9.0
2018-07-01,2718,9.0
2018-06-01,2719,9.0
2018-05-01,2720,9.0
2018-04-01,2721,9.0
2018-03-01,2722,9.0
2018-02-01,2723,9.0
2018-01-01,2724,9.0
2017-12-01,2725,9.0
2017-11-01,2726,9.0
2017-10-01,2727,9.0
2017-09-01,2728,9.0
2017-08-01,2729,9.0
2017-07-01,2730,9.0
2017-06-01,2731,9.0
2017-05-01,2732,9.0
2017-04-01,2733,9.0
2017-03-01,2734,9.0
2017-02-01,2735,9.0
2017-01-01,2736,9.0
2019-01-01,2770,9.0
2018-12-01,2771,9.0
2018-11-01,2772,9.0
2018-10-01,2773,9.0
2018-09-01,2774,9.0
2018-08-01,2775,9.0
2018-07-01,2776,9.0
2018-06-01,2777,9.0
2018-05-01,2778,9.0
2018-02-01,2779,9.0
2019-01-01,2784,9.0
2018-12-01,2785,9.0
2018-11-01,2786,9.0
2018-10-01,2787,9.0
2018-09-01,2788,9.0
2018-08-01,2789,9.0
2018-07-01,2790,9.0
2018-06-01,2791,9.0
2018-05-01,2792,9.0
2018-04-01,2793,9.0
2018-03-01,2794,9.0
2018-02-01,2795,9.0
2018-01-01,2796,9.0
2017-12-01,2797,9.0
2017-11-01,2798,9.0
2017-10-01,2799,9.0
2017-09-01,2800,9.0
2017-08-01,2801,9.0
2017-07-01,2802,9.0
2017-06-01,2803,9.0
2017-05-01,2804,9.0
2017-04-01,2805,9.0
2017-03-01,2806,9.0
2017-02-01,2807,9.0
2017-01-01,2808,9.0
2017-12-01,2821,9.0
2017-11-01,2822,9.0
2019-01-01,2827,9.0
2018-12-01,2828,9.0
2018-11-01,2829,9.0
2018-10-01,2830,9.0
2018-09-01,2831,9.0
2018-08-01,2832,9.0
2018-07-01,2833,9.0
2018-06-01,2834,9.0
2018-05-01,2835,9.0
2019-01-01,2850,9.0
2018-12-01,2851,9.0
2018-11-01,2852,9.0
2018-10-01,2853,9.0
2018-09-01,2854,9.0
2018-08-01,2855,9.0
2018-07-01,2856,9.0
2018-06-01,2857,9.0
2018-05-01,2858,9.0
2018-03-01,2859,9.0
2017-11-01,2860,9.0
2017-09-01,2861,9.0
2017-08-01,2862,9.0
2017-07-01,2863,9.0
2017-06-01,2864,9.0
2017-05-01,2865,9.0
2017-04-01,2866,9.0
2017-02-01,2867,9.0
2017-01-01,2868,9.0
2019-01-01,2874,9.0
2018-12-01,2875,9.0
2018-11-01,2876,9.0
2018-10-01,2877,9.0
2018-09-01,2878,9.0
2018-08-01,2879,9.0
2018-07-01,2880,9.0
2018-06-01,2881,9.0
2018-05-01,2882,9.0
2018-04-01,2883,9.0
2018-03-01,2884,9.0
2018-02-01,2885,9.0
2018-01-01,2886,9.0
2017-12-01,2887,9.0
2017-11-01,2888,9.0
2017-10-01,2889,9.0
2017-09-01,2890,9.0
2017-07-01,2891,9.0
2017-06-01,2892,9.0
2017-05-01,2893,9.0
2019-01-01,2908,9.0
2018-12-01,2909,9.0
2018-11-01,2910,9.0
2018-10-01,2911,9.0
2018-09-01,2912,9.0
2018-08-01,2913,9.0
2018-07-01,2914,9.0
2018-06-01,2915,9.0
2018-05-01,2916,9.0
2017-12-01,2917,9.0
2017-11-01,2918,9.0
2017-04-01,2919,9.0
2017-03-01,2920,9.0
2019-01-01,2936,9.0
2018-12-01,2937,9.0
2018-11-01,2938,9.0
2018-10-01,2939,9.0
2018-09-01,2940,9.0
2018-08-01,2941,9.0
2018-07-01,2942,9.0
2018-06-01,2943,9.0
2018-05-01,2944,9.0
2018-04-01,2945,9.0
2018-03-01,2946,9.0
2018-02-01,2947,9.0
2018-01-01,2948,9.0
2019-01-01,2964,9.0
2018-12-01,2965,9.0
2018-11-01,2966,9.0
2018-10-01,2967,9.0
2018-09-01,2968,9.0
2018-08-01,2969,9.0
2018-07-01,2970,9.0
2018-06-01,2971,9.0
2018-05-01,2972,9.0
2018-04-01,2973,9.0
2018-03-01,2974,9.0
2018-02-01,2975,9.0
2018-01-01,2976,9.0
2019-01-01,2983,9.0
2018-12-01,2984,9.0
2018-11-01,2985,9.0
2018-10-01,2986,9.0
2019-01-01,3001,9.0
2018-12-01,3002,9.0
2018-11-01,3003,9.0
2018-10-01,3004,9.0
2018-09-01,3005,9.0
2018-08-01,3006,9.0
2018-07-01,3007,9.0
2018-06-01,3008,9.0
2018-05-01,3009,9.0
2018-02-01,3010,9.0
2018-01-01,3011,9.0
2017-12-01,3012,9.0
2017-11-01,3013,9.0
2017-10-01,3014,9.0
2017-09-01,3015,9.0
2017-08-01,3016,9.0
2017-07-01,3017,9.0
2017-06-01,3018,9.0
2017-05-01,3019,9.0
2017-04-01,3020,9.0
2017-03-01,3021,9.0
2017-02-01,3022,9.0
2017-01-01,3023,9.0
2019-01-01,3032,9.0
2018-12-01,3033,9.0
2018-11-01,3034,9.0
2018-10-01,3035,9.0
2018-09-01,3036,9.0
2018-08-01,3037,9.0
2018-07-01,3038,9.0
2018-06-01,3039,9.0
2018-05-01,3040,9.0
2018-04-01,3041,9.0
2018-03-01,3042,9.0
2018-02-01,3043,9.0
2018-01-01,3044,9.0
2017-12-01,3045,9.0
2017-11-01,3046,9.0
2017-10-01,3047,9.0
2017-09-01,3048,9.0
2017-08-01,3049,9.0
2017-07-01,3050,9.0
2017-06-01,3051,9.0
2017-05-01,3052,9.0
2017-04-01,3053,9.0
2017-03-01,3054,9.0
2017-02-01,3055,9.0
2017-01-01,3056,9.0
2019-01-01,3071,17.0
2018-12-01,3072,17.0
2018-11-01,3073,17.0
2018-10-01,3074,17.0
2018-09-01,3075,17.0
2018-08-01,3076,17.0
2018-07-01,3077,17.0
2018-06-01,3078,17.0
2018-05-01,3079,17.0
2018-04-01,3080,17.0
2018-03-01,3081,17.0
2018-02-01,3082,17.0
2018-01-01,3083,17.0
2017-12-01,3084,17.0
2017-11-01,3085,17.0
2017-10-01,3086,17.0
2017-09-01,3087,17.0
2017-08-01,3088,17.0
2017-07-01,3089,17.0
2017-06-01,3090,17.0
2017-05-01,3091,17.0
2019-01-01,3106,17.0
2018-12-01,3107,17.0
2019-01-01,3122,17.0
2018-12-01,3123,17.0
2018-11-01,3124,17.0
2018-10-01,3125,17.0
2018-09-01,3126,17.0
2018-08-01,3127,17.0
2018-07-01,3128,17.0
2018-06-01,3129,17.0
2018-05-01,3130,17.0
2018-04-01,3131,17.0
2018-03-01,3132,17.0
2018-02-01,3133,17.0
2018-01-01,3134,17.0
2017-12-01,3135,17.0
2017-11-01,3136,17.0
2017-10-01,3137,17.0
2017-09-01,3138,17.0
2017-08-01,3139,17.0
2017-07-01,3140,17.0
2017-06-01,3141,17.0
2017-05-01,3142,17.0
2017-04-01,3143,17.0
2017-03-01,3144,17.0
2017-02-01,3145,17.0
2019-01-01,3161,17.0
2018-12-01,3162,17.0
2018-11-01,3163,17.0
2018-10-01,3164,17.0
2018-09-01,3165,17.0
2018-08-01,3166,17.0
2018-07-01,3167,17.0
2018-06-01,3168,17.0
2018-05-01,3169,17.0
2018-04-01,3170,17.0
2018-03-01,3171,17.0
2018-02-01,3172,17.0
2018-01-01,3173,17.0
2017-12-01,3174,17.0
2017-11-01,3175,17.0
2017-10-01,3176,17.0
2017-09-01,3177,17.0
2017-08-01,3178,17.0
2019-01-01,3194,17.0
2018-12-01,3195,17.0
2018-11-01,3196,17.0
2018-10-01,3197,17.0
2018-09-01,3198,17.0
2018-08-01,3199,17.0
2018-07-01,3200,17.0
2018-06-01,3201,17.0
2018-05-01,3202,17.0
2018-04-01,3203,17.0
2018-03-01,3204,17.0
2018-02-01,3205,17.0
2018-01-01,3206,17.0
2017-12-01,3207,17.0
2017-11-01,3208,17.0
2017-10-01,3209,17.0
2017-09-01,3210,17.0
2017-08-01,3211,17.0
2017-07-01,3212,17.0
2017-06-01,3213,17.0
2017-05-01,3214,17.0
2017-04-01,3215,17.0
2017-03-01,3216,17.0
2017-02-01,3217,17.0
2017-01-01,3218,17.0
2017-11-01,3221,17.0
2017-10-01,3222,17.0
2017-09-01,3223,17.0
2017-08-01,3224,17.0
2017-07-01,3225,17.0
2017-06-01,3226,17.0
2017-05-01,3227,17.0
2017-04-01,3228,17.0
2017-03-01,3229,17.0
2017-02-01,3230,17.0
2017-01-01,3231,17.0
2017-10-01,3247,17.0
2017-09-01,3248,17.0
2017-08-01,3249,17.0
2017-07-01,3250,17.0
2019-01-01,3266,17.0
2018-12-01,3267,17.0
2018-11-01,3268,17.0
2018-10-01,3269,17.0
2018-09-01,3270,17.0
2018-08-01,3271,17.0
2018-07-01,3272,17.0
2018-06-01,3273,17.0
2018-05-01,3274,17.0
2018-03-01,3275,17.0
2018-02-01,3276,17.0
2018-01-01,3277,17.0
2017-12-01,3278,17.0
2017-11-01,3279,17.0
2017-10-01,3280,17.0
2017-09-01,3281,17.0
2017-08-01,3282,17.0
2017-07-01,3283,17.0
2017-06-01,3284,17.0
2017-05-01,3285,17.0
2017-04-01,3286,17.0
2017-03-01,3287,17.0
2017-02-01,3288,17.0
2017-01-01,3289,17.0
2019-01-01,3316,17.0
2018-12-01,3317,17.0
2018-11-01,3318,17.0
2018-10-01,3319,17.0
2018-09-01,3320,17.0
2018-08-01,3321,17.0
2018-07-01,3322,17.0
2018-06-01,3323,17.0
2018-05-01,3324,17.0
2018-04-01,3325,17.0
2018-03-01,3326,17.0
2018-02-01,3327,17.0
2018-01-01,3328,17.0
2017-12-01,3329,17.0
2017-11-01,3330,17.0
2017-10-01,3331,17.0
2017-09-01,3332,17.0
2017-08-01,3333,17.0
2017-07-01,3334,17.0
2017-06-01,3335,17.0
2017-05-01,3336,17.0
2017-04-01,3337,17.0
2017-03-01,3338,17.0
2017-02-01,3339,17.0
2017-01-01,3340,17.0
2019-01-01,3369,17.0
2018-12-01,3370,17.0
2018-11-01,3371,17.0
2018-10-01,3372,17.0
2018-09-01,3373,17.0
2018-08-01,3374,17.0
2018-07-01,3375,17.0
2018-06-01,3376,17.0
2018-05-01,3377,17.0
2018-04-01,3378,17.0
2018-03-01,3379,17.0
2018-02-01,3380,17.0
2018-01-01,3381,17.0
2017-12-01,3382,17.0
2017-11-01,3383,17.0
2017-10-01,3384,17.0
2017-09-01,3385,17.0
2017-08-01,3386,17.0
2017-07-01,3387,17.0
2017-06-01,3388,17.0
2017-05-01,3389,17.0
2017-04-01,3390,17.0
2017-03-01,3391,17.0
2017-02-01,3392,17.0
2017-01-01,3393,17.0
2019-01-01,3410,17.0
2018-12-01,3411,17.0
2018-11-01,3412,17.0
2018-10-01,3413,17.0
2018-09-01,3414,17.0
2018-08-01,3415,17.0
2018-07-01,3416,17.0
2018-06-01,3417,17.0
2018-05-01,3418,17.0
2019-01-01,3433,17.0
2018-12-01,3434,17.0
2018-11-01,3435,17.0
2018-10-01,3436,17.0
2018-09-01,3437,17.0
2018-08-01,3438,17.0
2018-07-01,3439,17.0
2018-06-01,3440,17.0
2018-05-01,3441,17.0
2018-04-01,3442,17.0
2018-03-01,3443,17.0
2018-02-01,3444,17.0
2018-01-01,3445,17.0
2017-12-01,3446,17.0
2017-11-01,3447,17.0
2017-10-01,3448,17.0
2017-09-01,3449,17.0
2017-08-01,3450,17.0
2017-07-01,3451,17.0
2017-06-01,3452,17.0
2017-05-01,3453,17.0
2017-04-01,3454,17.0
2017-01-01,3455,17.0
2019-01-01,3473,17.0
2018-12-01,3474,17.0
2018-11-01,3475,17.0
2017-11-01,3476,17.0
2019-01-01,3492,17.0
2018-12-01,3493,17.0
2018-11-01,3494,17.0
2018-10-01,3495,17.0
2018-09-01,3496,17.0
2018-08-01,3497,17.0
2018-07-01,3498,17.0
2018-06-01,3499,17.0
2018-05-01,3500,17.0
2018-04-01,3501,17.0
2018-03-01,3502,17.0
2018-02-01,3503,17.0
2018-01-01,3504,17.0
2019-01-01,3520,17.0
2018-12-01,3521,17.0
2018-11-01,3522,17.0
2018-10-01,3523,17.0
2018-09-01,3524,17.0
2018-08-01,3525,17.0
2018-07-01,3526,17.0
2018-06-01,3527,17.0
2018-05-01,3528,17.0
2018-04-01,3529,17.0
2018-03-01,3530,17.0
2018-02-01,3531,17.0
2018-01-01,3532,17.0
2019-01-01,3547,17.0
2019-01-01,3562,17.0
2018-12-01,3563,17.0
2018-11-01,3564,17.0
2018-10-01,3565,17.0
2018-09-01,3566,17.0
2018-08-01,3567,17.0
2018-07-01,3568,17.0
2018-06-01,3569,17.0
2018-05-01,3570,17.0
2018-04-01,3571,17.0
2018-03-01,3572,17.0
2018-02-01,3573,17.0
2018-01-01,3574,17.0
2017-12-01,3575,17.0
2017-11-01,3576,17.0
2017-10-01,3577,17.0
2017-09-01,3578,17.0
2017-08-01,3579,17.0
2017-07-01,3580,17.0
2017-06-01,3581,17.0
2017-05-01,3582,17.0
2017-04-01,3583,17.0
2017-03-01,3584,17.0
2017-02-01,3585,17.0
2017-01-01,3586,17.0
2019-01-01,3597,17.0
2018-12-01,3598,17.0
2018-11-01,3599,17.0
2018-10-01,3600,17.0
2018-09-01,3601,17.0
2018-07-01,3602,17.0
2018-06-01,3603,17.0
2018-05-01,3604,17.0
2018-04-01,3605,17.0
2018-03-01,3606,17.0
2018-02-01,3607,17.0
2018-01-01,3608,17.0
2017-12-01,3609,17.0
2017-11-01,3610,17.0
2017-10-01,3611,17.0
2017-09-01,3612,17.0
2017-08-01,3613,17.0
2017-07-01,3614,17.0
2017-06-01,3615,17.0
2017-05-01,3616,17.0
2017-04-01,3617,17.0
2017-03-01,3618,17.0
2017-02-01,3619,17.0
2017-01-01,3620,17.0
2019-01-01,3635,18.0
2018-12-01,3636,18.0
2018-11-01,3637,18.0
2018-10-01,3638,18.0
2018-09-01,3639,18.0
2018-08-01,3640,18.0
2018-07-01,3641,18.0
2018-06-01,3642,18.0
2018-05-01,3643,18.0
2018-04-01,3644,18.0
2018-03-01,3645,18.0
2018-02-01,3646,18.0
2018-01-01,3647,18.0
2017-12-01,3648,18.0
2019-01-01,3664,18.0
2018-12-01,3665,18.0
2018-11-01,3666,18.0
2018-10-01,3667,18.0
2018-09-01,3668,18.0
2018-08-01,3669,18.0
2018-07-01,3670,18.0
2018-06-01,3671,18.0
2018-05-01,3672,18.0
2018-04-01,3673,18.0
2018-03-01,3674,18.0
2018-02-01,3675,18.0
2018-01-01,3676,18.0
2017-12-01,3677,18.0
2017-11-01,3678,18.0
2017-10-01,3679,18.0
2017-09-01,3680,18.0
2017-08-01,3681,18.0
2019-01-01,3692,18.0
2019-01-01,3708,18.0
2018-12-01,3709,18.0
2018-11-01,3710,18.0
2018-10-01,3711,18.0
2018-09-01,3712,18.0
2018-08-01,3713,18.0
2018-07-01,3714,18.0
2018-06-01,3715,18.0
2018-05-01,3716,18.0
2018-04-01,3717,18.0
2018-03-01,3718,18.0
2018-02-01,3719,18.0
2018-01-01,3720,18.0
2017-12-01,3721,18.0
2017-11-01,3722,18.0
2017-10-01,3723,18.0
2017-09-01,3724,18.0
2017-08-01,3725,18.0
2017-07-01,3726,18.0
2017-06-01,3727,18.0
2017-05-01,3728,18.0
2017-04-01,3729,18.0
2017-03-01,3730,18.0
2017-02-01,3731,18.0
2017-01-01,3732,18.0
2019-01-01,3761,18.0
2018-12-01,3762,18.0
2018-11-01,3763,18.0
2018-10-01,3764,18.0
2018-09-01,3765,18.0
2018-08-01,3766,18.0
2018-07-01,3767,18.0
2018-06-01,3768,18.0
2018-05-01,3769,18.0
2018-04-01,3770,18.0
2018-03-01,3771,18.0
2018-02-01,3772,18.0
2018-01-01,3773,18.0
2019-01-01,3789,18.0
2018-12-01,3790,18.0
2018-11-01,3791,18.0
2018-10-01,3792,18.0
2018-09-01,3793,18.0
2018-08-01,3794,18.0
2018-07-01,3795,18.0
2018-06-01,3796,18.0
2019-01-01,3831,18.0
2018-12-01,3832,18.0
2018-11-01,3833,18.0
2018-10-01,3834,18.0
2018-09-01,3835,18.0
2018-08-01,3836,18.0
2019-01-01,3852,18.0
2018-12-01,3853,18.0
2018-11-01,3854,18.0
2018-10-01,3855,18.0
2018-09-01,3856,18.0
2018-08-01,3857,18.0
2018-07-01,3858,18.0
2018-06-01,3859,18.0
2018-05-01,3860,18.0
2018-04-01,3861,18.0
2018-03-01,3862,18.0
2018-02-01,3863,18.0
2018-01-01,3864,18.0
2019-01-01,3880,18.0
2018-12-01,3881,18.0
2018-11-01,3882,18.0
2018-10-01,3883,18.0
2018-09-01,3884,18.0
2018-08-01,3885,18.0
2018-07-01,3886,18.0
2018-06-01,3887,18.0
2018-05-01,3888,18.0
2018-04-01,3889,18.0
2018-03-01,3890,18.0
2018-02-01,3891,18.0
2018-01-01,3892,18.0
2019-01-01,3908,18.0
2018-12-01,3909,18.0
2018-11-01,3910,18.0
2018-10-01,3911,18.0
2018-09-01,3912,18.0
2018-08-01,3913,18.0
2018-07-01,3914,18.0
2018-06-01,3915,18.0
2018-05-01,3916,18.0
2018-04-01,3917,18.0
2018-03-01,3918,18.0
2018-02-01,3919,18.0
2018-01-01,3920,18.0
2017-12-01,3921,18.0
2017-11-01,3922,18.0
2017-10-01,3923,18.0
2017-09-01,3924,18.0
2017-08-01,3925,18.0
2017-07-01,3926,18.0
2017-06-01,3927,18.0
2017-05-01,3928,18.0
2017-04-01,3929,18.0
2017-03-01,3930,18.0
2017-02-01,3931,18.0
2017-01-01,3932,18.0
2019-01-01,3964,18.0
2018-12-01,3965,18.0
2018-11-01,3966,18.0
2018-10-01,3967,18.0
2018-09-01,3968,18.0
2018-08-01,3969,18.0
2018-07-01,3970,18.0
2018-06-01,3971,18.0
2018-05-01,3972,18.0
2018-04-01,3973,18.0
2018-03-01,3974,18.0
2018-02-01,3975,18.0
2018-01-01,3976,18.0
2017-12-01,3977,18.0
2017-11-01,3978,18.0
2017-10-01,3979,18.0
2017-09-01,3980,18.0
2017-08-01,3981,18.0
2017-07-01,3982,18.0
2017-06-01,3983,18.0
2017-05-01,3984,18.0
2017-04-01,3985,18.0
2017-03-01,3986,18.0
2017-02-01,3987,18.0
2017-01-01,3988,18.0
2019-01-01,3989,19.0
2018-12-01,3990,19.0
2018-11-01,3991,19.0
2018-10-01,3992,19.0
2018-09-01,3993,19.0
2018-08-01,3994,19.0
2018-07-01,3995,19.0
2018-06-01,3996,19.0
2018-05-01,3997,19.0
2018-04-01,3998,19.0
2018-03-01,3999,19.0
2018-02-01,4000,19.0
2018-01-01,4001,19.0
2017-12-01,4002,19.0
2017-11-01,4003,19.0
2017-10-01,4004,19.0
2017-09-01,4005,19.0
2018-12-01,4007,19.0
2018-11-01,4008,19.0
2018-10-01,4009,19.0
2018-09-01,4010,19.0
2018-08-01,4011,19.0
2018-07-01,4012,19.0
2018-06-01,4013,19.0
2018-05-01,4014,19.0
2018-04-01,4015,19.0
2018-03-01,4016,19.0
2018-02-01,4017,19.0
2018-01-01,4018,19.0
2017-12-01,4019,19.0
2017-11-01,4020,19.0
2017-10-01,4021,19.0
2017-09-01,4022,19.0
2017-08-01,4023,19.0
2017-07-01,4024,19.0
2017-06-01,4025,19.0
2017-05-01,4026,19.0
2017-04-01,4027,19.0
2017-03-01,4028,19.0
2017-02-01,4029,19.0
2017-01-01,4030,19.0
2018-10-01,4033,19.0
2018-09-01,4034,19.0
2018-08-01,4035,19.0
2018-07-01,4036,19.0
2017-12-01,4037,19.0
2017-11-01,4038,19.0
2017-10-01,4039,19.0
2018-12-01,4040,19.0
2018-11-01,4041,19.0
2018-08-01,4042,19.0
2018-07-01,4043,19.0
2018-05-01,4044,19.0
2018-02-01,4045,19.0
2018-01-01,4046,19.0
2017-11-01,4047,19.0
2017-08-01,4048,19.0
2017-07-01,4049,19.0
2017-05-01,4050,19.0
2017-04-01,4051,19.0
2017-03-01,4052,19.0
2017-01-01,4053,19.0
2019-01-01,4054,19.0
2018-12-01,4055,19.0
2018-11-01,4056,19.0
2018-10-01,4057,19.0
2018-09-01,4058,19.0
2018-08-01,4059,19.0
2018-07-01,4060,19.0
2018-06-01,4061,19.0
2018-05-01,4062,19.0
2019-01-01,4070,19.0
2018-12-01,4071,19.0
2018-11-01,4072,19.0
2018-10-01,4073,19.0
2018-09-01,4074,19.0
2018-08-01,4075,19.0
2018-07-01,4076,19.0
2018-06-01,4077,19.0
2018-05-01,4078,19.0
2018-04-01,4079,19.0
2018-03-01,4080,19.0
2018-02-01,4081,19.0
2018-01-01,4082,19.0
2018-12-01,4083,19.0
2018-11-01,4084,19.0
2018-10-01,4085,19.0
2018-09-01,4086,19.0
2018-08-01,4087,19.0
2018-07-01,4088,19.0
2018-06-01,4089,19.0
2018-05-01,4090,19.0
2018-04-01,4091,19.0
2018-03-01,4092,19.0
2018-02-01,4093,19.0
2018-01-01,4094,19.0
2017-12-01,4095,19.0
2017-11-01,4096,19.0
2017-10-01,4097,19.0
2017-09-01,4098,19.0
2017-08-01,4099,19.0
2017-07-01,4100,19.0
2017-06-01,4101,19.0
2017-05-01,4102,19.0
2017-04-01,4103,19.0
2017-03-01,4104,19.0
2017-02-01,4105,19.0
2017-01-01,4106,19.0
2018-11-01,4119,19.0
2018-10-01,4120,19.0
2018-09-01,4121,19.0
2018-08-01,4122,19.0
2018-07-01,4123,19.0
2018-06-01,4124,19.0
2018-05-01,4125,19.0
2018-04-01,4126,19.0
2018-03-01,4127,19.0
2018-02-01,4128,19.0
2018-01-01,4129,19.0
2017-12-01,4130,19.0
2017-11-01,4131,19.0
2017-10-01,4132,19.0
2017-09-01,4133,19.0
2017-08-01,4134,19.0
2017-07-01,4135,19.0
2017-06-01,4136,19.0
2017-05-01,4137,19.0
2017-04-01,4138,19.0
2017-03-01,4139,19.0
2017-02-01,4140,19.0
2017-01-01,4141,19.0
2018-11-01,4142,24.0
2018-10-01,4143,24.0
2018-09-01,4144,24.0
2018-08-01,4145,24.0
2018-07-01,4146,24.0
2018-06-01,4147,24.0
2018-05-01,4148,24.0
2018-04-01,4149,24.0
2018-03-01,4150,24.0
2018-02-01,4151,24.0
2018-01-01,4152,24.0
2017-12-01,4153,24.0
2017-11-01,4154,24.0
2017-10-01,4155,24.0
2017-09-01,4156,24.0
2017-08-01,4157,24.0
2017-07-01,4158,24.0
2017-06-01,4159,24.0
2017-05-01,4160,24.0
2019-01-01,4165,24.0
2018-12-01,4166,24.0
2018-11-01,4167,24.0
2018-10-01,4168,24.0
2018-09-01,4169,24.0
2018-08-01,4170,24.0
2018-07-01,4171,24.0
2018-06-01,4172,24.0
2018-05-01,4173,24.0
2018-04-01,4174,24.0
2018-03-01,4175,24.0
2018-02-01,4176,24.0
2018-01-01,4177,24.0
2017-12-01,4178,24.0
2017-11-01,4179,24.0
2017-10-01,4180,24.0
2017-09-01,4181,24.0
2017-08-01,4182,24.0
2017-07-01,4183,24.0
2017-06-01,4184,24.0
2017-05-01,4185,24.0
2017-04-01,4186,24.0
2017-03-01,4187,24.0
2017-02-01,4188,24.0
2017-01-01,4189,24.0
2019-01-01,4204,24.0
2018-12-01,4205,24.0
2018-11-01,4206,24.0
2018-10-01,4207,24.0
2018-09-01,4208,24.0
2018-08-01,4209,24.0
2018-07-01,4210,24.0
2018-06-01,4211,24.0
2018-05-01,4212,24.0
2018-04-01,4213,24.0
2018-03-01,4214,24.0
2018-02-01,4215,24.0
2018-01-01,4216,24.0
2017-12-01,4217,24.0
2017-11-01,4218,24.0
2017-10-01,4219,24.0
2017-09-01,4220,24.0
2018-12-01,4221,24.0
2018-11-01,4222,24.0
2018-10-01,4223,24.0
2018-09-01,4224,24.0
2018-08-01,4225,24.0
2018-07-01,4226,24.0
2018-06-01,4227,24.0
2018-05-01,4228,24.0
2018-04-01,4229,24.0
2018-03-01,4230,24.0
2018-02-01,4231,24.0
2018-01-01,4232,24.0
2017-12-01,4233,24.0
2017-11-01,4234,24.0
2017-10-01,4235,24.0
2017-09-01,4236,24.0
2017-08-01,4237,24.0
2017-07-01,4238,24.0
2017-06-01,4239,24.0
2017-05-01,4240,24.0
2017-04-01,4241,24.0
2017-02-01,4242,24.0
2017-01-01,4243,24.0
2017-12-01,4246,24.0
2017-11-01,4247,24.0
2017-09-01,4248,24.0
2017-08-01,4249,24.0
2017-06-01,4250,24.0
2017-05-01,4251,24.0
2017-04-01,4252,24.0
2017-03-01,4253,24.0
2018-11-01,4257,24.0
2018-10-01,4258,24.0
2018-09-01,4259,24.0
2018-08-01,4260,24.0
2018-07-01,4261,24.0
2018-06-01,4262,24.0
2018-05-01,4263,24.0
2018-04-01,4264,24.0
2018-03-01,4265,24.0
2018-02-01,4266,24.0
2018-01-01,4267,24.0
2017-12-01,4268,24.0
2017-11-01,4269,24.0
2017-10-01,4270,24.0
2017-09-01,4271,24.0
2017-08-01,4272,24.0
2017-07-01,4273,24.0
2017-06-01,4274,24.0
2017-05-01,4275,24.0
2017-04-01,4276,24.0
2017-03-01,4277,24.0
2017-02-01,4278,24.0
2017-01-01,4279,24.0
2019-01-01,4294,24.0
2018-12-01,4295,24.0
2018-11-01,4296,24.0
2018-10-01,4297,24.0
2018-09-01,4298,24.0
2018-08-01,4299,24.0
2018-07-01,4300,24.0
2018-06-01,4301,24.0
2018-05-01,4302,24.0
2018-04-01,4303,24.0
2018-03-01,4304,24.0
2018-02-01,4305,24.0
2018-01-01,4306,24.0
2017-12-01,4307,24.0
2017-11-01,4308,24.0
2017-10-01,4309,24.0
2017-09-01,4310,24.0
2017-08-01,4311,24.0
2017-07-01,4312,24.0
2017-06-01,4313,24.0
2017-05-01,4314,24.0
2017-04-01,4315,24.0
2017-03-01,4316,24.0
2017-02-01,4317,24.0
2017-01-01,4318,24.0
2018-10-01,4330,24.0
2018-06-01,4331,24.0
2018-05-01,4332,24.0
2018-04-01,4333,24.0
2018-03-01,4334,24.0
2018-02-01,4335,24.0
2018-01-01,4336,24.0
2017-12-01,4337,24.0
2017-11-01,4338,24.0
2017-10-01,4339,24.0
2017-09-01,4340,24.0
2017-08-01,4341,24.0
2017-06-01,4342,24.0
2017-05-01,4343,24.0
2017-04-01,4344,24.0
2019-01-01,4349,24.0
2018-12-01,4350,24.0
2018-11-01,4351,24.0
2018-10-01,4352,24.0
2018-09-01,4353,24.0
2018-08-01,4354,24.0
2018-07-01,4355,24.0
2018-06-01,4356,24.0
2018-05-01,4357,24.0
2018-04-01,4358,24.0
2018-03-01,4359,24.0
2018-02-01,4360,24.0
2018-01-01,4361,24.0
2017-12-01,4362,24.0
2017-11-01,4363,24.0
2017-10-01,4364,24.0
2017-09-01,4365,24.0
2017-08-01,4366,24.0
2017-07-01,4367,24.0
2017-06-01,4368,24.0
2017-05-01,4369,24.0
2017-04-01,4370,24.0
2017-03-01,4371,24.0
2017-02-01,4372,24.0
2017-01-01,4373,24.0
2018-12-01,4377,24.0
2018-11-01,4378,24.0
2018-10-01,4379,24.0
2018-09-01,4380,24.0
2018-08-01,4381,24.0
2018-07-01,4382,24.0
2018-06-01,4383,24.0
2018-05-01,4384,24.0
2018-04-01,4385,24.0
2018-03-01,4386,24.0
2018-02-01,4387,24.0
2018-01-01,4388,24.0
2019-01-01,4410,30.0
2018-12-01,4411,30.0
2018-11-01,4412,30.0
2018-10-01,4413,30.0
2018-09-01,4414,30.0
2018-08-01,4415,30.0
2018-07-01,4416,30.0
2018-06-01,4417,30.0
2018-05-01,4418,30.0
2018-04-01,4419,30.0
2018-03-01,4420,30.0
2018-02-01,4421,30.0
2018-01-01,4422,30.0
2017-12-01,4423,30.0
2017-11-01,4424,30.0
2017-10-01,4425,30.0
2017-09-01,4426,30.0
2019-01-01,4434,30.0
2018-12-01,4435,30.0
2018-11-01,4436,30.0
2018-10-01,4437,30.0
2018-09-01,4438,30.0
2018-08-01,4439,30.0
2018-07-01,4440,30.0
2018-06-01,4441,30.0
2018-05-01,4442,30.0
2018-04-01,4443,30.0
2018-03-01,4444,30.0
2018-02-01,4445,30.0
2018-01-01,4446,30.0
2017-12-01,4447,30.0
2017-11-01,4448,30.0
2017-10-01,4449,30.0
2017-09-01,4450,30.0
2017-08-01,4451,30.0
2017-07-01,4452,30.0
2017-06-01,4453,30.0
2017-05-01,4454,30.0
2017-04-01,4455,30.0
2017-03-01,4456,30.0
2017-02-01,4457,30.0
2017-01-01,4458,30.0
2019-01-01,4475,30.0
2018-12-01,4476,30.0
2018-11-01,4477,30.0
2018-10-01,4478,30.0
2018-09-01,4479,30.0
2018-08-01,4480,30.0
2018-07-01,4481,30.0
2018-06-01,4482,30.0
2018-05-01,4483,30.0
2018-04-01,4484,30.0
2018-03-01,4485,30.0
2018-02-01,4486,30.0
2018-01-01,4487,30.0
2017-12-01,4488,30.0
2017-11-01,4489,30.0
2017-10-01,4490,30.0
2017-09-01,4491,30.0
2017-08-01,4492,30.0
2017-07-01,4493,30.0
2017-06-01,4494,30.0
2017-05-01,4495,30.0
2017-04-01,4496,30.0
2017-03-01,4497,30.0
2017-02-01,4498,30.0
2017-01-01,4499,30.0
2019-01-01,4517,30.0
2018-12-01,4518,30.0
2018-11-01,4519,30.0
2018-10-01,4520,30.0
2018-09-01,4521,30.0
2018-08-01,4522,30.0
2018-07-01,4523,30.0
2018-06-01,4524,30.0
2018-05-01,4525,30.0
2018-04-01,4526,30.0
2018-03-01,4527,30.0
2018-02-01,4528,30.0
2018-01-01,4529,30.0
2017-12-01,4530,30.0
2017-11-01,4531,30.0
2017-10-01,4532,30.0
2017-09-01,4533,30.0
2017-08-01,4534,30.0
2017-07-01,4535,30.0
2017-06-01,4536,30.0
2017-05-01,4537,30.0
2017-04-01,4538,30.0
2017-03-01,4539,30.0
2019-01-01,4549,30.0
2018-12-01,4550,30.0
2018-11-01,4551,30.0
2018-10-01,4552,30.0
2018-09-01,4553,30.0
2018-08-01,4554,30.0
2018-07-01,4555,30.0
2018-06-01,4556,30.0
2019-01-01,4565,30.0
2018-12-01,4566,30.0
2018-11-01,4567,30.0
2018-10-01,4568,30.0
2018-09-01,4569,30.0
2018-08-01,4570,30.0
2018-07-01,4571,30.0
2018-06-01,4572,30.0
2018-05-01,4573,30.0
2018-04-01,4574,30.0
2018-03-01,4575,30.0
2018-02-01,4576,30.0
2017-11-01,4577,30.0
2017-10-01,4578,30.0
2017-09-01,4579,30.0
2019-01-01,4590,30.0
2018-12-01,4591,30.0
2018-11-01,4592,30.0
2018-10-01,4593,30.0
2018-09-01,4594,30.0
2018-07-01,4595,30.0
2018-06-01,4596,30.0
2018-05-01,4597,30.0
2018-04-01,4598,30.0
2018-03-01,4599,30.0
2017-12-01,4600,30.0
2017-09-01,4601,30.0
2017-07-01,4602,30.0
2017-05-01,4603,30.0
2017-04-01,4604,30.0
2017-03-01,4605,30.0
2017-01-01,4606,30.0
2019-01-01,4613,30.0
2018-12-01,4614,30.0
2018-11-01,4615,30.0
2018-10-01,4616,30.0
2018-09-01,4617,30.0
2018-08-01,4618,30.0
2018-07-01,4619,30.0
2018-06-01,4620,30.0
2018-05-01,4621,30.0
2019-01-01,4634,30.0
2018-12-01,4635,30.0
2018-11-01,4636,30.0
2018-10-01,4637,30.0
2018-09-01,4638,30.0
2018-08-01,4639,30.0
2018-07-01,4640,30.0
2018-06-01,4641,30.0
2018-05-01,4642,30.0
2018-04-01,4643,30.0
2018-03-01,4644,30.0
2018-02-01,4645,30.0
2018-01-01,4646,30.0
2019-01-01,4654,30.0
2018-12-01,4655,30.0
2018-11-01,4656,30.0
2018-10-01,4657,30.0
2018-09-01,4658,30.0
2018-08-01,4659,30.0
2018-07-01,4660,30.0
2018-06-01,4661,30.0
2018-05-01,4662,30.0
2018-04-01,4663,30.0
2018-03-01,4664,30.0
2018-02-01,4665,30.0
2018-01-01,4666,30.0
2017-12-01,4667,30.0
2017-11-01,4668,30.0
2017-10-01,4669,30.0
2017-09-01,4670,30.0
2017-08-01,4671,30.0
2017-07-01,4672,30.0
2017-06-01,4673,30.0
2017-05-01,4674,30.0
2017-04-01,4675,30.0
2017-03-01,4676,30.0
2017-02-01,4677,30.0
2017-01-01,4678,30.0
2019-01-01,4692,30.0
2018-12-01,4693,30.0
2018-11-01,4694,30.0
2018-10-01,4695,30.0
2018-09-01,4696,30.0
2018-08-01,4697,30.0
2018-07-01,4698,30.0
2018-06-01,4699,30.0
2018-05-01,4700,30.0
2018-04-01,4701,30.0
2018-03-01,4702,30.0
2018-02-01,4703,30.0
2018-01-01,4704,30.0
2017-12-01,4705,30.0
2017-11-01,4706,30.0
2017-10-01,4707,30.0
2017-09-01,4708,30.0
2017-08-01,4709,30.0
2017-07-01,4710,30.0
2017-06-01,4711,30.0
2017-05-01,4712,30.0
2017-04-01,4713,30.0
2017-03-01,4714,30.0
2017-02-01,4715,30.0
2017-01-01,4716,30.0
2019-01-01,4730,31.0
2018-12-01,4731,31.0
2018-11-01,4732,31.0
2018-10-01,4733,31.0
2018-09-01,4734,31.0
2018-08-01,4735,31.0
2018-07-01,4736,31.0
2018-06-01,4737,31.0
2018-05-01,4738,31.0
2018-04-01,4739,31.0
2018-03-01,4740,31.0
2018-02-01,4741,31.0
2018-01-01,4742,31.0
2017-12-01,4743,31.0
2017-11-01,4744,31.0
2019-01-01,4753,31.0
2018-12-01,4754,31.0
2018-11-01,4755,31.0
2018-10-01,4756,31.0
2018-09-01,4757,31.0
2018-08-01,4758,31.0
2018-07-01,4759,31.0
2018-06-01,4760,31.0
2018-05-01,4761,31.0
2018-04-01,4762,31.0
2018-03-01,4763,31.0
2018-02-01,4764,31.0
2018-01-01,4765,31.0
2017-12-01,4766,31.0
2017-11-01,4767,31.0
2017-10-01,4768,31.0
2017-09-01,4769,31.0
2017-08-01,4770,31.0
2017-07-01,4771,31.0
2017-06-01,4772,31.0
2017-05-01,4773,31.0
2019-01-01,4789,31.0
2018-12-01,4790,31.0
2018-11-01,4791,31.0
2018-10-01,4792,31.0
2018-09-01,4793,31.0
2018-08-01,4794,31.0
2018-07-01,4795,31.0
2018-06-01,4796,31.0
2018-05-01,4797,31.0
2018-04-01,4798,31.0
2018-03-01,4799,31.0
2018-02-01,4800,31.0
2018-01-01,4801,31.0
2017-12-01,4802,31.0
2017-11-01,4803,31.0
2017-10-01,4804,31.0
2017-09-01,4805,31.0
2019-01-01,4821,31.0
2018-12-01,4822,31.0
2018-11-01,4823,31.0
2018-10-01,4824,31.0
2018-09-01,4825,31.0
2018-08-01,4826,31.0
2018-07-01,4827,31.0
2018-06-01,4828,31.0
2018-05-01,4829,31.0
2018-04-01,4830,31.0
2018-03-01,4831,31.0
2018-02-01,4832,31.0
2018-01-01,4833,31.0
2017-12-01,4834,31.0
2017-11-01,4835,31.0
2017-10-01,4836,31.0
2017-09-01,4837,31.0
2019-01-01,4853,31.0
2018-12-01,4854,31.0
2018-11-01,4855,31.0
2018-10-01,4856,31.0
2018-09-01,4857,31.0
2018-08-01,4858,31.0
2018-07-01,4859,31.0
2018-06-01,4860,31.0
2018-05-01,4861,31.0
2018-04-01,4862,31.0
2018-03-01,4863,31.0
2018-02-01,4864,31.0
2018-01-01,4865,31.0
2019-01-01,4881,31.0
2018-12-01,4882,31.0
2018-11-01,4883,31.0
2018-10-01,4884,31.0
2018-09-01,4885,31.0
2018-08-01,4886,31.0
2018-07-01,4887,31.0
2018-06-01,4888,31.0
2018-05-01,4889,31.0
2018-04-01,4890,31.0
2018-03-01,4891,31.0
2018-02-01,4892,31.0
2018-01-01,4893,31.0
2017-12-01,4894,31.0
2017-11-01,4895,31.0
2017-10-01,4896,31.0
2017-09-01,4897,31.0
2017-08-01,4898,31.0
2017-07-01,4899,31.0
2017-06-01,4900,31.0
2017-05-01,4901,31.0
2017-04-01,4902,31.0
2017-03-01,4903,31.0
2017-02-01,4904,31.0
2017-01-01,4905,31.0
2019-01-01,4933,31.0
2018-12-01,4934,31.0
2018-11-01,4935,31.0
2018-10-01,4936,31.0
2018-09-01,4937,31.0
2018-08-01,4938,31.0
2018-07-01,4939,31.0
2018-06-01,4940,31.0
2018-05-01,4941,31.0
2018-04-01,4942,31.0
2018-03-01,4943,31.0
2018-02-01,4944,31.0
2018-01-01,4945,31.0
2017-12-01,4946,31.0
2017-11-01,4947,31.0
2017-10-01,4948,31.0
2017-09-01,4949,31.0
2017-08-01,4950,31.0
2017-07-01,4951,31.0
2017-06-01,4952,31.0
2017-05-01,4953,31.0
2017-04-01,4954,31.0
2017-03-01,4955,31.0
2017-02-01,4956,31.0
2017-01-01,4957,31.0
2019-01-01,4978,31.0
2018-12-01,4979,31.0
2018-11-01,4980,31.0
2018-10-01,4981,31.0
2018-09-01,4982,31.0
2018-08-01,4983,31.0
2018-07-01,4984,31.0
2018-06-01,4985,31.0
2018-05-01,4986,31.0
2018-04-01,4987,31.0
2018-03-01,4988,31.0
2018-02-01,4989,31.0
2018-01-01,4990,31.0
2017-12-01,4991,31.0
2017-11-01,4992,31.0
2017-10-01,4993,31.0
2017-09-01,4994,31.0
2019-01-01,5010,31.0
2018-12-01,5011,31.0
2018-11-01,5012,31.0
2018-10-01,5013,31.0
2018-09-01,5014,31.0
2018-08-01,5015,31.0
2018-07-01,5016,31.0
2018-06-01,5017,31.0
2018-05-01,5018,31.0
2018-04-01,5019,31.0
2018-03-01,5020,31.0
2018-02-01,5021,31.0
2018-01-01,5022,31.0
2017-12-01,5023,31.0
2017-11-01,5024,31.0
2017-10-01,5025,31.0
2017-09-01,5026,31.0
2017-08-01,5027,31.0
2017-07-01,5028,31.0
2017-06-01,5029,31.0
2017-05-01,5030,31.0
2017-04-01,5031,31.0
2019-01-01,5045,31.0
2018-12-01,5046,31.0
2018-11-01,5047,31.0
2018-10-01,5048,31.0
2018-09-01,5049,31.0
2018-08-01,5050,31.0
2018-07-01,5051,31.0
2018-06-01,5052,31.0
2019-01-01,5068,31.0
2018-12-01,5069,31.0
2018-11-01,5070,31.0
2018-10-01,5071,31.0
2018-09-01,5072,31.0
2018-08-01,5073,31.0
2018-07-01,5074,31.0
2018-06-01,5075,31.0
2018-05-01,5076,31.0
2018-03-01,5077,31.0
2018-02-01,5078,31.0
2018-01-01,5079,31.0
2017-12-01,5080,31.0
2017-11-01,5081,31.0
2017-10-01,5082,31.0
2017-09-01,5083,31.0
2017-08-01,5084,31.0
2017-07-01,5085,31.0
2017-06-01,5086,31.0
2017-05-01,5087,31.0
2017-04-01,5088,31.0
2019-01-01,5112,31.0
2018-12-01,5113,31.0
2018-11-01,5114,31.0
2018-10-01,5115,31.0
2018-09-01,5116,31.0
2018-08-01,5117,31.0
2018-07-01,5118,31.0
2018-06-01,5119,31.0
2018-05-01,5120,31.0
2018-04-01,5121,31.0
2018-03-01,5122,31.0
2018-02-01,5123,31.0
2018-01-01,5124,31.0
2017-12-01,5125,31.0
2017-11-01,5126,31.0
2017-10-01,5127,31.0
2017-09-01,5128,31.0
2019-01-01,5134,31.0
2018-12-01,5135,31.0
2018-11-01,5136,31.0
2018-10-01,5137,31.0
2018-09-01,5138,31.0
2018-08-01,5139,31.0
2018-07-01,5140,31.0
2018-06-01,5141,31.0
2017-12-01,5142,31.0
2017-11-01,5143,31.0
2017-10-01,5144,31.0
2019-01-01,5169,31.0
2018-12-01,5170,31.0
2018-11-01,5171,31.0
2018-10-01,5172,31.0
2018-09-01,5173,31.0
2018-08-01,5174,31.0
2018-07-01,5175,31.0
2018-06-01,5176,31.0
2018-05-01,5177,31.0
2018-04-01,5178,31.0
2018-03-01,5179,31.0
2018-02-01,5180,31.0
2018-01-01,5181,31.0
2017-12-01,5182,31.0
2017-11-01,5183,31.0
2017-10-01,5184,31.0
2017-09-01,5185,31.0
2017-08-01,5186,31.0
2017-07-01,5187,31.0
2017-06-01,5188,31.0
2017-05-01,5189,31.0
2017-04-01,5190,31.0
2017-03-01,5191,31.0
2017-02-01,5192,31.0
2017-01-01,5193,31.0
2019-01-01,5209,31.0
2018-12-01,5210,31.0
2018-11-01,5211,31.0
2018-10-01,5212,31.0
2018-09-01,5213,31.0
2018-08-01,5214,31.0
2018-07-01,5215,31.0
2018-06-01,5216,31.0
2018-05-01,5217,31.0
2018-05-01,5218,31.0
2019-01-01,5234,31.0
2018-12-01,5235,31.0
2018-11-01,5236,31.0
2018-10-01,5237,31.0
2018-09-01,5238,31.0
2018-08-01,5239,31.0
2018-07-01,5240,31.0
2018-06-01,5241,31.0
2018-05-01,5242,31.0
2018-04-01,5243,31.0
2018-03-01,5244,31.0
2018-02-01,5245,31.0
2018-01-01,5246,31.0
2019-01-01,5262,31.0
2018-12-01,5263,31.0
2018-11-01,5264,31.0
2018-10-01,5265,31.0
2018-09-01,5266,31.0
2018-08-01,5267,31.0
2018-07-01,5268,31.0
2018-06-01,5269,31.0
2018-05-01,5270,31.0
2018-04-01,5271,31.0
2018-03-01,5272,31.0
2018-02-01,5273,31.0
2018-01-01,5274,31.0
2019-01-01,5290,31.0
2018-12-01,5291,31.0
2018-11-01,5292,31.0
2018-10-01,5293,31.0
2018-09-01,5294,31.0
2018-08-01,5295,31.0
2018-07-01,5296,31.0
2018-06-01,5297,31.0
2018-05-01,5298,31.0
2018-04-01,5299,31.0
2018-03-01,5300,31.0
2018-02-01,5301,31.0
2018-01-01,5302,31.0
2017-12-01,5303,31.0
2017-11-01,5304,31.0
2017-10-01,5305,31.0
2017-09-01,5306,31.0
2017-08-01,5307,31.0
2017-07-01,5308,31.0
2017-06-01,5309,31.0
2017-05-01,5310,31.0
2017-04-01,5311,31.0
2017-03-01,5312,31.0
2017-02-01,5313,31.0
2017-01-01,5314,31.0
2019-01-01,5326,31.0
2018-12-01,5327,31.0
2018-11-01,5328,31.0
2018-10-01,5329,31.0
2018-09-01,5330,31.0
2018-08-01,5331,31.0
2018-07-01,5332,31.0
2018-06-01,5333,31.0
2018-05-01,5334,31.0
2018-04-01,5335,31.0
2018-03-01,5336,31.0
2018-02-01,5337,31.0
2018-01-01,5338,31.0
2017-12-01,5339,31.0
2017-11-01,5340,31.0
2017-10-01,5341,31.0
2017-09-01,5342,31.0
2017-08-01,5343,31.0
2017-07-01,5344,31.0
2017-06-01,5345,31.0
2017-05-01,5346,31.0
2017-04-01,5347,31.0
2017-03-01,5348,31.0
2017-02-01,5349,31.0
2017-01-01,5350,31.0
2019-01-01,5365,33.0
2018-12-01,5366,33.0
2018-11-01,5367,33.0
2018-10-01,5368,33.0
2018-09-01,5369,33.0
2018-08-01,5370,33.0
2018-07-01,5371,33.0
2018-06-01,5372,33.0
2018-05-01,5373,33.0
2018-04-01,5374,33.0
2018-03-01,5375,33.0
2018-02-01,5376,33.0
2018-01-01,5377,33.0
2017-12-01,5378,33.0
2017-11-01,5379,33.0
2017-10-01,5380,33.0
2017-09-01,5381,33.0
2017-08-01,5382,33.0
2017-07-01,5383,33.0
2017-06-01,5384,33.0
2017-05-01,5385,33.0
2019-01-01,5400,33.0
2018-12-01,5401,33.0
2018-11-01,5402,33.0
2018-10-01,5403,33.0
2018-09-01,5404,33.0
2018-08-01,5405,33.0
2018-07-01,5406,33.0
2018-06-01,5407,33.0
2018-05-01,5408,33.0
2018-04-01,5409,33.0
2018-03-01,5410,33.0
2018-02-01,5411,33.0
2018-01-01,5412,33.0
2017-12-01,5413,33.0
2017-11-01,5414,33.0
2017-10-01,5415,33.0
2017-09-01,5416,33.0
2017-08-01,5417,33.0
2017-07-01,5418,33.0
2017-06-01,5419,33.0
2017-05-01,5420,33.0
2017-04-01,5421,33.0
2017-03-01,5422,33.0
2017-02-01,5423,33.0
2017-01-01,5424,33.0
2019-01-01,5440,33.0
2018-12-01,5441,33.0
2018-11-01,5442,33.0
2018-10-01,5443,33.0
2018-09-01,5444,33.0
2018-08-01,5445,33.0
2018-07-01,5446,33.0
2018-06-01,5447,33.0
2018-05-01,5448,33.0
2018-04-01,5449,33.0
2018-03-01,5450,33.0
2018-02-01,5451,33.0
2018-01-01,5452,33.0
2017-12-01,5453,33.0
2017-11-01,5454,33.0
2017-10-01,5455,33.0
2017-09-01,5456,33.0
2017-08-01,5457,33.0
2019-01-01,5471,33.0
2018-12-01,5472,33.0
2018-11-01,5473,33.0
2018-10-01,5474,33.0
2018-09-01,5475,33.0
2018-08-01,5476,33.0
2018-07-01,5477,33.0
2018-06-01,5478,33.0
2018-05-01,5479,33.0
2018-04-01,5480,33.0
2018-03-01,5481,33.0
2018-02-01,5482,33.0
2018-01-01,5483,33.0
2017-12-01,5484,33.0
2017-11-01,5485,33.0
2017-10-01,5486,33.0
2017-09-01,5487,33.0
2017-08-01,5488,33.0
2017-07-01,5489,33.0
2017-06-01,5490,33.0
2017-05-01,5491,33.0
2017-04-01,5492,33.0
2017-03-01,5493,33.0
2017-02-01,5494,33.0
2017-01-01,5495,33.0
2017-11-01,5498,33.0
2017-10-01,5499,33.0
2017-09-01,5500,33.0
2017-08-01,5501,33.0
2017-07-01,5502,33.0
2017-06-01,5503,33.0
2017-05-01,5504,33.0
2017-04-01,5505,33.0
2017-03-01,5506,33.0
2017-02-01,5507,33.0
2017-01-01,5508,33.0
2019-01-01,5545,33.0
2018-12-01,5546,33.0
2018-11-01,5547,33.0
2018-10-01,5548,33.0
2018-09-01,5549,33.0
2018-08-01,5550,33.0
2018-07-01,5551,33.0
2018-06-01,5552,33.0
2018-05-01,5553,33.0
2018-03-01,5554,33.0
2018-02-01,5555,33.0
2018-01-01,5556,33.0
2017-12-01,5557,33.0
2017-11-01,5558,33.0
2017-10-01,5559,33.0
2017-09-01,5560,33.0
2017-08-01,5561,33.0
2017-07-01,5562,33.0
2017-06-01,5563,33.0
2017-05-01,5564,33.0
2017-04-01,5565,33.0
2017-03-01,5566,33.0
2019-01-01,5585,33.0
2018-12-01,5586,33.0
2018-11-01,5587,33.0
2018-10-01,5588,33.0
2018-09-01,5589,33.0
2018-08-01,5590,33.0
2018-07-01,5591,33.0
2018-06-01,5592,33.0
2018-05-01,5593,33.0
2018-04-01,5594,33.0
2018-03-01,5595,33.0
2018-02-01,5596,33.0
2018-01-01,5597,33.0
2017-12-01,5598,33.0
2017-11-01,5599,33.0
2017-10-01,5600,33.0
2017-09-01,5601,33.0
2017-08-01,5602,33.0
2017-07-01,5603,33.0
2017-06-01,5604,33.0
2017-05-01,5605,33.0
2017-04-01,5606,33.0
2017-03-01,5607,33.0
2017-02-01,5608,33.0
2017-01-01,5609,33.0
2019-01-01,5623,33.0
2018-12-01,5624,33.0
2018-11-01,5625,33.0
2018-10-01,5626,33.0
2018-09-01,5627,33.0
2018-08-01,5628,33.0
2018-07-01,5629,33.0
2018-06-01,5630,33.0
2018-05-01,5631,33.0
2018-04-01,5632,33.0
2018-03-01,5633,33.0
2018-02-01,5634,33.0
2018-01-01,5635,33.0
2017-12-01,5636,33.0
2017-11-01,5637,33.0
2017-10-01,5638,33.0
2017-09-01,5639,33.0
2017-08-01,5640,33.0
2017-07-01,5641,33.0
2017-06-01,5642,33.0
2017-05-01,5643,33.0
2017-04-01,5644,33.0
2017-03-01,5645,33.0
2017-02-01,5646,33.0
2017-01-01,5647,33.0
2019-01-01,5658,33.0
2018-12-01,5659,33.0
2018-11-01,5660,33.0
2018-10-01,5661,33.0
2018-09-01,5662,33.0
2018-08-01,5663,33.0
2018-07-01,5664,33.0
2019-01-01,5679,33.0
2018-12-01,5680,33.0
2018-11-01,5681,33.0
2018-10-01,5682,33.0
2018-09-01,5683,33.0
2018-08-01,5684,33.0
2018-07-01,5685,33.0
2018-06-01,5686,33.0
2018-05-01,5687,33.0
2018-04-01,5688,33.0
2018-03-01,5689,33.0
2018-02-01,5690,33.0
2018-01-01,5691,33.0
2017-12-01,5692,33.0
2017-11-01,5693,33.0
2017-10-01,5694,33.0
2017-09-01,5695,33.0
2017-08-01,5696,33.0
2017-07-01,5697,33.0
2017-06-01,5698,33.0
2017-05-01,5699,33.0
2017-04-01,5700,33.0
2017-03-01,5701,33.0
2017-02-01,5702,33.0
2017-01-01,5703,33.0
2018-12-01,5719,33.0
2017-11-01,5720,33.0
2019-01-01,5736,33.0
2018-12-01,5737,33.0
2018-11-01,5738,33.0
2018-10-01,5739,33.0
2018-09-01,5740,33.0
2018-08-01,5741,33.0
2018-07-01,5742,33.0
2018-06-01,5743,33.0
2018-05-01,5744,33.0
2018-04-01,5745,33.0
2018-03-01,5746,33.0
2018-02-01,5747,33.0
2018-01-01,5748,33.0
2019-01-01,5764,33.0
2018-12-01,5765,33.0
2018-11-01,5766,33.0
2018-10-01,5767,33.0
2018-09-01,5768,33.0
2018-08-01,5769,33.0
2018-07-01,5770,33.0
2018-06-01,5771,33.0
2018-05-01,5772,33.0
2018-04-01,5773,33.0
2018-03-01,5774,33.0
2018-02-01,5775,33.0
2018-01-01,5776,33.0
2019-01-01,5791,33.0
2018-12-01,5792,33.0
2018-11-01,5793,33.0
2018-10-01,5794,33.0
2018-09-01,5795,33.0
2018-08-01,5796,33.0
2018-07-01,5797,33.0
2018-06-01,5798,33.0
2018-05-01,5799,33.0
2018-04-01,5800,33.0
2018-03-01,5801,33.0
2018-02-01,5802,33.0
2018-01-01,5803,33.0
2017-12-01,5804,33.0
2017-11-01,5805,33.0
2017-10-01,5806,33.0
2017-09-01,5807,33.0
2017-08-01,5808,33.0
2017-07-01,5809,33.0
2017-06-01,5810,33.0
2017-05-01,5811,33.0
2017-04-01,5812,33.0
2019-01-01,5816,33.0
2018-12-01,5817,33.0
2018-11-01,5818,33.0
2018-10-01,5819,33.0
2018-09-01,5820,33.0
2018-08-01,5821,33.0
2018-07-01,5822,33.0
2018-06-01,5823,33.0
2018-05-01,5824,33.0
2018-04-01,5825,33.0
2018-03-01,5826,33.0
2018-02-01,5827,33.0
2018-01-01,5828,33.0
2017-12-01,5829,33.0
2017-11-01,5830,33.0
2017-10-01,5831,33.0
2017-09-01,5832,33.0
2017-08-01,5833,33.0
2017-07-01,5834,33.0
2017-06-01,5835,33.0
2017-05-01,5836,33.0
2017-04-01,5837,33.0
2017-03-01,5838,33.0
2017-02-01,5839,33.0
2017-01-01,5840,33.0
2017-12-01,5842,34.0
2017-11-01,5843,34.0
2017-10-01,5844,34.0
2017-09-01,5845,34.0
2017-08-01,5846,34.0
2017-07-01,5847,34.0
2017-06-01,5848,34.0
2017-05-01,5849,34.0
2017-04-01,5850,34.0
2017-03-01,5851,34.0
2017-02-01,5852,34.0
2017-01-01,5853,34.0
2017-12-01,5856,34.0
2017-10-01,5857,34.0
2017-05-01,5858,34.0
2017-03-01,5859,34.0
2018-01-01,5860,34.0
2017-12-01,5861,34.0
2017-11-01,5862,34.0
2017-10-01,5863,34.0
2017-09-01,5864,34.0
2017-08-01,5865,34.0
2017-07-01,5866,34.0
2017-06-01,5867,34.0
2017-05-01,5868,34.0
2017-04-01,5869,34.0
2017-03-01,5870,34.0
2017-02-01,5871,34.0
2017-01-01,5872,34.0
2018-11-01,5879,35.0
2018-10-01,5880,35.0
2018-09-01,5881,35.0
2018-08-01,5882,35.0
2018-07-01,5883,35.0
2018-06-01,5884,35.0
2018-05-01,5885,35.0
2018-04-01,5886,35.0
2018-03-01,5887,35.0
2018-02-01,5888,35.0
2018-01-01,5889,35.0
2017-12-01,5890,35.0
2017-11-01,5891,35.0
2017-10-01,5892,35.0
2017-09-01,5893,35.0
2017-08-01,5894,35.0
2019-01-01,5906,35.0
2018-12-01,5907,35.0
2018-11-01,5908,35.0
2018-10-01,5909,35.0
2018-09-01,5910,35.0
2018-08-01,5911,35.0
2018-07-01,5912,35.0
2018-06-01,5913,35.0
2018-05-01,5914,35.0
2018-04-01,5915,35.0
2018-03-01,5916,35.0
2018-02-01,5917,35.0
2018-01-01,5918,35.0
2017-12-01,5919,35.0
2017-11-01,5920,35.0
2019-01-01,5923,35.0
2018-12-01,5924,35.0
2018-11-01,5925,35.0
2018-10-01,5926,35.0
2018-09-01,5927,35.0
2017-08-01,5928,35.0
2017-07-01,5929,35.0
2017-06-01,5930,35.0
2017-05-01,5931,35.0
2017-04-01,5932,35.0
2017-03-01,5933,35.0
2017-02-01,5934,35.0
2017-01-01,5935,35.0
2019-01-01,5945,35.0
2018-12-01,5946,35.0
2018-11-01,5947,35.0
2018-10-01,5948,35.0
2018-09-01,5949,35.0
2018-08-01,5950,35.0
2018-07-01,5951,35.0
2018-06-01,5952,35.0
2018-05-01,5953,35.0
2018-04-01,5954,35.0
2019-01-01,5963,35.0
2018-12-01,5964,35.0
2018-11-01,5965,35.0
2018-10-01,5966,35.0
2018-09-01,5967,35.0
2018-08-01,5968,35.0
2018-07-01,5969,35.0
2018-06-01,5970,35.0
2018-05-01,5971,35.0
2018-04-01,5972,35.0
2018-03-01,5973,35.0
2018-02-01,5974,35.0
2018-01-01,5975,35.0
2017-12-01,5976,35.0
2017-11-01,5977,35.0
2017-10-01,5978,35.0
2017-09-01,5979,35.0
2017-08-01,5980,35.0
2019-01-01,5992,35.0
2018-12-01,5993,35.0
2018-11-01,5994,35.0
2018-10-01,5995,35.0
2018-09-01,5996,35.0
2018-08-01,5997,35.0
2018-05-01,5998,35.0
2018-04-01,5999,35.0
2018-03-01,6000,35.0
2018-02-01,6001,35.0
2018-01-01,6002,35.0
2019-01-01,6016,35.0
2018-12-01,6017,35.0
2018-11-01,6018,35.0
2018-10-01,6019,35.0
2018-09-01,6020,35.0
2018-08-01,6021,35.0
2018-07-01,6022,35.0
2018-06-01,6023,35.0
2018-05-01,6024,35.0
2018-04-01,6025,35.0
2018-03-01,6026,35.0
2018-02-01,6027,35.0
2018-01-01,6028,35.0
2017-12-01,6029,35.0
2017-11-01,6030,35.0
2017-10-01,6031,35.0
2017-09-01,6032,35.0
2017-08-01,6033,35.0
2017-07-01,6034,35.0
2017-06-01,6035,35.0
2017-05-01,6036,35.0
2017-04-01,6037,35.0
2017-03-01,6038,35.0
2017-02-01,6039,35.0
2017-01-01,6040,35.0
2017-11-01,6041,36.0
2017-09-01,6042,36.0
2017-08-01,6043,36.0
2017-07-01,6044,36.0
2017-06-01,6045,36.0
2017-05-01,6046,36.0
2017-04-01,6047,36.0
2017-10-01,6048,36.0
2017-09-01,6049,36.0
2017-08-01,6050,36.0
2017-07-01,6051,36.0
2017-06-01,6052,36.0
2017-05-01,6053,36.0
2017-04-01,6054,36.0
2017-03-01,6055,36.0
2017-11-01,6056,36.0
2017-10-01,6057,36.0
2017-09-01,6058,36.0
2017-08-01,6059,36.0
2017-07-01,6060,36.0
2017-06-01,6061,36.0
2017-05-01,6062,36.0
2017-04-01,6063,36.0
2017-03-01,6064,36.0
2017-02-01,6065,36.0
2017-01-01,6066,36.0
2017-11-01,6069,36.0
2017-10-01,6070,36.0
2017-09-01,6071,36.0
2017-08-01,6072,36.0
2017-07-01,6073,36.0
2017-06-01,6074,36.0
2017-05-01,6075,36.0
2017-04-01,6076,36.0
2017-05-01,6077,36.0
2017-09-01,6078,36.0
2017-08-01,6079,36.0
2017-07-01,6080,36.0
2017-06-01,6081,36.0
2017-05-01,6082,36.0
2017-04-01,6083,36.0
2019-01-01,6098,38.0
2018-12-01,6099,38.0
2018-11-01,6100,38.0
2018-10-01,6101,38.0
2018-09-01,6102,38.0
2018-08-01,6103,38.0
2018-07-01,6104,38.0
2018-06-01,6105,38.0
2018-05-01,6106,38.0
2018-04-01,6107,38.0
2018-03-01,6108,38.0
2018-02-01,6109,38.0
2018-01-01,6110,38.0
2017-12-01,6111,38.0
2018-01-01,6112,38.0
2017-12-01,6113,38.0
2017-11-01,6114,38.0
2017-10-01,6115,38.0
2017-09-01,6116,38.0
2017-08-01,6117,38.0
2017-07-01,6118,38.0
2017-06-01,6119,38.0
2017-05-01,6120,38.0
2017-04-01,6121,38.0
2017-03-01,6122,38.0
2017-02-01,6123,38.0
2017-01-01,6124,38.0
2019-01-01,6137,41.0
2018-12-01,6138,41.0
2018-11-01,6139,41.0
2018-10-01,6140,41.0
2018-09-01,6141,41.0
2018-08-01,6142,41.0
2018-07-01,6143,41.0
2018-06-01,6144,41.0
2018-05-01,6145,41.0
2018-04-01,6146,41.0
2018-03-01,6147,41.0
2018-02-01,6148,41.0
2018-01-01,6149,41.0
2017-12-01,6150,41.0
2017-11-01,6151,41.0
2017-10-01,6152,41.0
2017-09-01,6153,41.0
2017-08-01,6154,41.0
2017-07-01,6155,41.0
2017-06-01,6156,41.0
2017-05-01,6157,41.0
2017-04-01,6158,41.0
2017-03-01,6159,41.0
2017-02-01,6160,41.0
2017-01-01,6161,41.0
2019-01-01,6177,42.0
2018-12-01,6178,42.0
2018-11-01,6179,42.0
2018-10-01,6180,42.0
2018-09-01,6181,42.0
2018-08-01,6182,42.0
2018-07-01,6183,42.0
2018-06-01,6184,42.0
2018-05-01,6185,42.0
2018-04-01,6186,42.0
2018-03-01,6187,42.0
2018-02-01,6188,42.0
2018-01-01,6189,42.0
2017-12-01,6190,42.0
2017-11-01,6191,42.0
2017-10-01,6192,42.0
2017-09-01,6193,42.0
2017-08-01,6194,42.0
2019-01-01,6205,42.0
2018-12-01,6206,42.0
2018-11-01,6207,42.0
2018-10-01,6208,42.0
2018-09-01,6209,42.0
2018-08-01,6210,42.0
2018-07-01,6211,42.0
2018-06-01,6212,42.0
2018-05-01,6213,42.0
2018-04-01,6214,42.0
2018-03-01,6215,42.0
2018-02-01,6216,42.0
2018-01-01,6217,42.0
2017-12-01,6218,42.0
2017-11-01,6219,42.0
2017-10-01,6220,42.0
2017-09-01,6221,42.0
2019-01-01,6235,42.0
2018-12-01,6236,42.0
2018-11-01,6237,42.0
2018-10-01,6238,42.0
2018-09-01,6239,42.0
2018-08-01,6240,42.0
2018-07-01,6241,42.0
2018-06-01,6242,42.0
2018-05-01,6243,42.0
2018-04-01,6244,42.0
2018-03-01,6245,42.0
2018-02-01,6246,42.0
2018-01-01,6247,42.0
2019-01-01,6262,42.0
2018-12-01,6263,42.0
2018-11-01,6264,42.0
2018-10-01,6265,42.0
2018-09-01,6266,42.0
2018-08-01,6267,42.0
2018-07-01,6268,42.0
2018-06-01,6269,42.0
2018-05-01,6270,42.0
2018-04-01,6271,42.0
2018-03-01,6272,42.0
2018-02-01,6273,42.0
2018-01-01,6274,42.0
2017-12-01,6275,42.0
2017-11-01,6276,42.0
2017-10-01,6277,42.0
2017-09-01,6278,42.0
2017-08-01,6279,42.0
2017-07-01,6280,42.0
2017-06-01,6281,42.0
2017-05-01,6282,42.0
2017-04-01,6283,42.0
2017-03-01,6284,42.0
2017-02-01,6285,42.0
2017-01-01,6286,42.0
2019-01-01,6303,42.0
2018-12-01,6304,42.0
2018-11-01,6305,42.0
2018-10-01,6306,42.0
2018-09-01,6307,42.0
2018-08-01,6308,42.0
2018-07-01,6309,42.0
2018-06-01,6310,42.0
2018-05-01,6311,42.0
2018-04-01,6312,42.0
2018-03-01,6313,42.0
2018-02-01,6314,42.0
2018-01-01,6315,42.0
2017-12-01,6316,42.0
2017-11-01,6317,42.0
2017-10-01,6318,42.0
2017-09-01,6319,42.0
2017-08-01,6320,42.0
2017-07-01,6321,42.0
2017-06-01,6322,42.0
2017-05-01,6323,42.0
2017-04-01,6324,42.0
2017-03-01,6325,42.0
2019-01-01,6340,42.0
2018-12-01,6341,42.0
2018-11-01,6342,42.0
2018-10-01,6343,42.0
2018-09-01,6344,42.0
2018-08-01,6345,42.0
2018-07-01,6346,42.0
2018-04-01,6347,42.0
2018-03-01,6348,42.0
2018-02-01,6349,42.0
2018-01-01,6350,42.0
2017-12-01,6351,42.0
2017-11-01,6352,42.0
2017-10-01,6353,42.0
2017-09-01,6354,42.0
2019-01-01,6368,42.0
2018-12-01,6369,42.0
2018-11-01,6370,42.0
2018-10-01,6371,42.0
2018-09-01,6372,42.0
2018-08-01,6373,42.0
2018-07-01,6374,42.0
2018-06-01,6375,42.0
2019-01-01,6390,42.0
2018-12-01,6391,42.0
2018-11-01,6392,42.0
2018-10-01,6393,42.0
2018-09-01,6394,42.0
2018-08-01,6395,42.0
2018-07-01,6396,42.0
2018-06-01,6397,42.0
2018-05-01,6398,42.0
2018-04-01,6399,42.0
2018-03-01,6400,42.0
2018-02-01,6401,42.0
2018-01-01,6402,42.0
2017-12-01,6403,42.0
2017-11-01,6404,42.0
2019-01-01,6405,42.0
2018-12-01,6406,42.0
2018-10-01,6407,42.0
2018-08-01,6408,42.0
2017-12-01,6409,42.0
2017-11-01,6410,42.0
2019-01-01,6426,42.0
2018-12-01,6427,42.0
2018-11-01,6428,42.0
2018-10-01,6429,42.0
2018-09-01,6430,42.0
2018-08-01,6431,42.0
2018-07-01,6432,42.0
2018-06-01,6433,42.0
2018-05-01,6434,42.0
2018-04-01,6435,42.0
2018-03-01,6436,42.0
2018-02-01,6437,42.0
2018-01-01,6438,42.0
2017-07-01,6439,42.0
2017-06-01,6440,42.0
2017-05-01,6441,42.0
2019-01-01,6457,42.0
2018-12-01,6458,42.0
2018-11-01,6459,42.0
2018-10-01,6460,42.0
2018-09-01,6461,42.0
2018-08-01,6462,42.0
2018-07-01,6463,42.0
2018-06-01,6464,42.0
2018-05-01,6465,42.0
2018-04-01,6466,42.0
2018-03-01,6467,42.0
2018-02-01,6468,42.0
2018-01-01,6469,42.0
2019-01-01,6484,42.0
2018-12-01,6485,42.0
2018-11-01,6486,42.0
2018-10-01,6487,42.0
2018-09-01,6488,42.0
2018-08-01,6489,42.0
2018-07-01,6490,42.0
2018-06-01,6491,42.0
2018-05-01,6492,42.0
2018-04-01,6493,42.0
2018-03-01,6494,42.0
2018-02-01,6495,42.0
2018-01-01,6496,42.0
2019-01-01,6511,42.0
2018-12-01,6512,42.0
2018-11-01,6513,42.0
2018-10-01,6514,42.0
2018-09-01,6515,42.0
2018-08-01,6516,42.0
2018-07-01,6517,42.0
2018-06-01,6518,42.0
2018-05-01,6519,42.0
2018-04-01,6520,42.0
2018-03-01,6521,42.0
2018-02-01,6522,42.0
2018-01-01,6523,42.0
2017-12-01,6524,42.0
2017-11-01,6525,42.0
2017-10-01,6526,42.0
2017-09-01,6527,42.0
2017-08-01,6528,42.0
2017-07-01,6529,42.0
2017-06-01,6530,42.0
2017-05-01,6531,42.0
2017-04-01,6532,42.0
2017-03-01,6533,42.0
2017-02-01,6534,42.0
2017-01-01,6535,42.0
2018-12-01,6544,42.0
2018-11-01,6545,42.0
2018-10-01,6546,42.0
2018-09-01,6547,42.0
2018-07-01,6548,42.0
2018-06-01,6549,42.0
2018-05-01,6550,42.0
2018-04-01,6551,42.0
2018-03-01,6552,42.0
2018-02-01,6553,42.0
2018-01-01,6554,42.0
2017-12-01,6555,42.0
2017-11-01,6556,42.0
2017-10-01,6557,42.0
2017-09-01,6558,42.0
2017-08-01,6559,42.0
2017-07-01,6560,42.0
2017-06-01,6561,42.0
2017-05-01,6562,42.0
2017-04-01,6563,42.0
2017-03-01,6564,42.0
2017-02-01,6565,42.0
2017-01-01,6566,42.0
2019-01-01,6585,43.0
2018-12-01,6586,43.0
2018-11-01,6587,43.0
2018-10-01,6588,43.0
2018-09-01,6589,43.0
2018-08-01,6590,43.0
2018-07-01,6591,43.0
2018-06-01,6592,43.0
2018-05-01,6593,43.0
2018-04-01,6594,43.0
2018-03-01,6595,43.0
2018-02-01,6596,43.0
2018-01-01,6597,43.0
2017-12-01,6598,43.0
2017-11-01,6599,43.0
2017-10-01,6600,43.0
2017-09-01,6601,43.0
2017-08-01,6602,43.0
2019-01-01,6634,43.0
2018-12-01,6635,43.0
2018-11-01,6636,43.0
2018-10-01,6637,43.0
2018-09-01,6638,43.0
2018-08-01,6639,43.0
2018-07-01,6640,43.0
2018-06-01,6641,43.0
2018-05-01,6642,43.0
2018-04-01,6643,43.0
2018-03-01,6644,43.0
2018-02-01,6645,43.0
2018-01-01,6646,43.0
2017-12-01,6647,43.0
2017-11-01,6648,43.0
2017-10-01,6649,43.0
2017-09-01,6650,43.0
2017-08-01,6651,43.0
2019-01-01,6667,43.0
2018-12-01,6668,43.0
2018-11-01,6669,43.0
2018-10-01,6670,43.0
2018-09-01,6671,43.0
2018-08-01,6672,43.0
2018-07-01,6673,43.0
2018-06-01,6674,43.0
2018-05-01,6675,43.0
2018-04-01,6676,43.0
2018-03-01,6677,43.0
2018-02-01,6678,43.0
2018-01-01,6679,43.0
2017-12-01,6680,43.0
2017-11-01,6681,43.0
2017-06-01,6693,43.0
2017-05-01,6694,43.0
2017-04-01,6695,43.0
2017-03-01,6696,43.0
2017-02-01,6697,43.0
2017-01-01,6698,43.0
2019-01-01,6715,43.0
2018-12-01,6716,43.0
2018-11-01,6717,43.0
2018-10-01,6718,43.0
2018-09-01,6719,43.0
2018-08-01,6720,43.0
2018-07-01,6721,43.0
2018-06-01,6722,43.0
2019-01-01,6747,43.0
2018-12-01,6748,43.0
2018-11-01,6749,43.0
2017-07-01,6752,43.0
2017-06-01,6753,43.0
2017-05-01,6754,43.0
2017-04-01,6755,43.0
2017-03-01,6756,43.0
2017-02-01,6757,43.0
2017-01-01,6758,43.0
2018-08-01,6770,43.0
2018-07-01,6771,43.0
2018-06-01,6772,43.0
2019-01-01,6788,43.0
2018-12-01,6789,43.0
2018-11-01,6790,43.0
2018-10-01,6791,43.0
2018-09-01,6792,43.0
2018-08-01,6793,43.0
2018-07-01,6794,43.0
2018-06-01,6795,43.0
2018-05-01,6796,43.0
2018-04-01,6797,43.0
2018-03-01,6798,43.0
2018-02-01,6799,43.0
2018-01-01,6800,43.0
2017-12-01,6801,43.0
2017-11-01,6802,43.0
2017-10-01,6803,43.0
2017-09-01,6804,43.0
2017-08-01,6805,43.0
2019-01-01,6820,43.0
2018-12-01,6821,43.0
2018-11-01,6822,43.0
2018-10-01,6823,43.0
2018-09-01,6824,43.0
2018-08-01,6825,43.0
2018-07-01,6826,43.0
2018-06-01,6827,43.0
2018-05-01,6828,43.0
2018-04-01,6829,43.0
2018-03-01,6830,43.0
2018-01-01,6831,43.0
2019-01-01,6849,43.0
2018-12-01,6850,43.0
2018-11-01,6851,43.0
2018-10-01,6852,43.0
2018-09-01,6853,43.0
2018-08-01,6854,43.0
2018-07-01,6855,43.0
2018-06-01,6856,43.0
2018-05-01,6857,43.0
2018-04-01,6858,43.0
2018-03-01,6859,43.0
2018-02-01,6860,43.0
2018-01-01,6861,43.0
2017-12-01,6862,43.0
2017-11-01,6863,43.0
2017-10-01,6864,43.0
2017-09-01,6865,43.0
2017-08-01,6866,43.0
2017-07-01,6867,43.0
2017-06-01,6868,43.0
2017-05-01,6869,43.0
2017-04-01,6870,43.0
2017-03-01,6871,43.0
2017-02-01,6872,43.0
2017-01-01,6873,43.0
2019-01-01,6885,44.0
2018-12-01,6886,44.0
2019-01-01,6901,44.0
2018-12-01,6902,44.0
2018-11-01,6903,44.0
2018-10-01,6904,44.0
2018-09-01,6905,44.0
2018-08-01,6906,44.0
2018-07-01,6907,44.0
2018-06-01,6908,44.0
2018-05-01,6909,44.0
2018-04-01,6910,44.0
2018-03-01,6911,44.0
2018-02-01,6912,44.0
2018-01-01,6913,44.0
2017-12-01,6914,44.0
2019-01-01,6923,44.0
2018-12-01,6924,44.0
2018-11-01,6925,44.0
2018-10-01,6926,44.0
2019-01-01,6942,44.0
2018-12-01,6943,44.0
2018-11-01,6944,44.0
2018-10-01,6945,44.0
2018-09-01,6946,44.0
2018-08-01,6947,44.0
2018-07-01,6948,44.0
2018-06-01,6949,44.0
2018-03-01,6950,44.0
2018-02-01,6951,44.0
2019-01-01,6958,44.0
2019-01-01,6985,44.0
2018-12-01,6986,44.0
2018-10-01,6987,48.0
2018-09-01,6988,48.0
2018-09-01,6989,48.0
2019-01-01,7004,49.0
2018-12-01,7005,49.0
2018-11-01,7006,49.0
2018-10-01,7007,49.0
2018-09-01,7008,49.0
2018-08-01,7009,49.0
2018-07-01,7010,49.0
2018-06-01,7011,49.0
2018-05-01,7012,49.0
2018-04-01,7013,49.0
2018-03-01,7014,49.0
2018-02-01,7015,49.0
2018-01-01,7016,49.0
2017-12-01,7017,49.0
2019-01-01,7022,49.0
2018-12-01,7023,49.0
2018-11-01,7024,49.0
2018-10-01,7025,49.0
2018-09-01,7026,49.0
2018-08-01,7027,49.0
2018-07-01,7028,49.0
2018-06-01,7029,49.0
2018-05-01,7030,49.0
2018-04-01,7031,49.0
2018-03-01,7032,49.0
2018-02-01,7033,49.0
2018-01-01,7034,49.0
2019-01-01,7050,49.0
2018-12-01,7051,49.0
2018-11-01,7052,49.0
2018-10-01,7053,49.0
2018-09-01,7054,49.0
2018-08-01,7055,49.0
2018-07-01,7056,49.0
2018-06-01,7057,49.0
2018-05-01,7058,49.0
2018-04-01,7059,49.0
2018-03-01,7060,49.0
2018-02-01,7061,49.0
2018-01-01,7062,49.0
2017-12-01,7063,49.0
2019-01-01,7078,49.0
2018-12-01,7079,49.0
2018-11-01,7080,49.0
2018-10-01,7081,49.0
2018-09-01,7082,49.0
2018-08-01,7083,49.0
2018-07-01,7084,49.0
2018-06-01,7085,49.0
2018-05-01,7086,49.0
2018-04-01,7087,49.0
2018-03-01,7088,49.0
2018-02-01,7089,49.0
2018-01-01,7090,49.0
2017-12-01,7091,49.0
2017-11-01,7092,49.0
2017-10-01,7093,49.0
2019-01-01,7110,49.0
2018-12-01,7111,49.0
2018-11-01,7112,49.0
2018-10-01,7113,49.0
2018-09-01,7114,49.0
2018-08-01,7115,49.0
2018-07-01,7116,49.0
2018-06-01,7117,49.0
2018-05-01,7118,49.0
2018-04-01,7119,49.0
2018-03-01,7120,49.0
2018-02-01,7121,49.0
2018-01-01,7122,49.0
2017-12-01,7123,49.0
2017-11-01,7124,49.0
2019-01-01,7149,49.0
2018-12-01,7150,49.0
2018-11-01,7151,49.0
2018-10-01,7152,49.0
2018-09-01,7153,49.0
2018-08-01,7154,49.0
2018-07-01,7155,49.0
2018-04-01,7156,49.0
2017-11-01,7157,49.0
2019-01-01,7173,49.0
2018-12-01,7174,49.0
2018-11-01,7175,49.0
2018-10-01,7176,49.0
2018-09-01,7177,49.0
2018-08-01,7178,49.0
2018-07-01,7179,49.0
2018-06-01,7180,49.0
2018-05-01,7181,49.0
2018-04-01,7182,49.0
2018-03-01,7183,49.0
2018-02-01,7184,49.0
2018-01-01,7185,49.0
2017-12-01,7186,49.0
2017-11-01,7187,49.0
2017-10-01,7188,49.0
2019-01-01,7204,49.0
2018-12-01,7205,49.0
2018-11-01,7206,49.0
2018-10-01,7207,49.0
2018-09-01,7208,49.0
2018-08-01,7209,49.0
2018-07-01,7210,49.0
2018-06-01,7211,49.0
2018-05-01,7212,49.0
2018-04-01,7213,49.0
2018-03-01,7214,49.0
2018-02-01,7215,49.0
2018-01-01,7216,49.0
2017-12-01,7217,49.0
2017-11-01,7218,49.0
2019-01-01,7233,49.0
2018-10-01,7234,49.0
2018-09-01,7235,49.0
2018-08-01,7236,49.0
2018-07-01,7237,49.0
2018-06-01,7238,49.0
2018-05-01,7239,49.0
2018-04-01,7240,49.0
2018-03-01,7241,49.0
2018-02-01,7242,49.0
2018-06-01,7250,49.0
2018-05-01,7251,49.0
2018-04-01,7252,49.0
2018-03-01,7253,49.0
2018-02-01,7254,49.0
2018-01-01,7255,49.0
2017-12-01,7256,49.0
2017-11-01,7257,49.0
2019-01-01,7280,49.0
2018-12-01,7281,49.0
2018-11-01,7282,49.0
2018-10-01,7283,49.0
2018-05-01,7284,49.0
2019-01-01,7300,49.0
2018-12-01,7301,49.0
2018-11-01,7302,49.0
2018-10-01,7303,49.0
2018-09-01,7304,49.0
2018-08-01,7305,49.0
2018-07-01,7306,49.0
2018-06-01,7307,49.0
2018-05-01,7308,49.0
2018-04-01,7309,49.0
2018-03-01,7310,49.0
2018-02-01,7311,49.0
2018-01-01,7312,49.0
2017-12-01,7313,49.0
2017-11-01,7314,49.0
2019-01-01,7329,49.0
2018-12-01,7330,49.0
2018-11-01,7331,49.0
2018-10-01,7332,49.0
2018-09-01,7333,49.0
2018-08-01,7334,49.0
2018-07-01,7335,49.0
2018-06-01,7336,49.0
2018-05-01,7337,49.0
2019-01-01,7347,49.0
2018-12-01,7348,49.0
2018-11-01,7349,49.0
2018-10-01,7350,49.0
2018-09-01,7351,49.0
2018-08-01,7352,49.0
2018-07-01,7353,49.0
2018-06-01,7354,49.0
2018-05-01,7355,49.0
2019-01-01,7371,49.0
2018-12-01,7372,49.0
2018-11-01,7373,49.0
2018-10-01,7374,49.0
2018-09-01,7375,49.0
2018-08-01,7376,49.0
2018-07-01,7377,49.0
2018-06-01,7378,49.0
2018-05-01,7379,49.0
2018-04-01,7380,49.0
2018-03-01,7381,49.0
2018-02-01,7382,49.0
2018-01-01,7383,49.0
2019-01-01,7399,49.0
2018-12-01,7400,49.0
2018-11-01,7401,49.0
2018-10-01,7402,49.0
2018-09-01,7403,49.0
2018-08-01,7404,49.0
2018-07-01,7405,49.0
2018-06-01,7406,49.0
2018-05-01,7407,49.0
2018-04-01,7408,49.0
2018-03-01,7409,49.0
2018-02-01,7410,49.0
2018-01-01,7411,49.0
2017-12-01,7412,49.0
2017-11-01,7413,49.0
2017-10-01,7414,49.0
2019-01-01,7429,49.0
2018-12-01,7430,49.0
2018-11-01,7431,49.0
2018-10-01,7432,49.0
2018-09-01,7433,49.0
2018-08-01,7434,49.0
2018-07-01,7435,49.0
2018-06-01,7436,49.0
2018-05-01,7437,49.0
2018-04-01,7438,49.0
2018-03-01,7439,49.0
2018-02-01,7440,49.0
2018-01-01,7441,49.0
2017-12-01,7442,49.0
2017-11-01,7443,49.0
2019-01-01,7459,50.0
2018-12-01,7460,50.0
2018-11-01,7461,50.0
2018-10-01,7462,50.0
2018-09-01,7463,50.0
2018-08-01,7464,50.0
2018-07-01,7465,50.0
2018-06-01,7466,50.0
2018-05-01,7467,50.0
2018-04-01,7468,50.0
2018-03-01,7469,50.0
2018-02-01,7470,50.0
2018-01-01,7471,50.0
2017-12-01,7472,50.0
2017-11-01,7473,50.0
2019-01-01,7489,50.0
2018-12-01,7490,50.0
2018-11-01,7491,50.0
2019-01-01,7515,50.0
2018-12-01,7516,50.0
2018-11-01,7517,50.0
2018-10-01,7518,50.0
2018-09-01,7519,50.0
2018-08-01,7520,50.0
2018-07-01,7521,50.0
2018-06-01,7522,50.0
2018-05-01,7523,50.0
2018-04-01,7524,50.0
2018-03-01,7525,50.0
2018-02-01,7526,50.0
2018-01-01,7527,50.0
2019-01-01,7543,50.0
2018-12-01,7544,50.0
2018-11-01,7545,50.0
2018-10-01,7546,50.0
2018-09-01,7547,50.0
2018-08-01,7548,50.0
2018-07-01,7549,50.0
2019-01-01,7577,50.0
2018-12-01,7578,50.0
2018-11-01,7579,50.0
2018-10-01,7580,50.0
2018-09-01,7581,50.0
2019-01-01,7597,50.0
2018-12-01,7598,50.0
2018-11-01,7599,50.0
2018-10-01,7600,50.0
2018-09-01,7601,50.0
2018-08-01,7602,50.0
2018-07-01,7603,50.0
2018-06-01,7604,50.0
2018-05-01,7605,50.0
2018-04-01,7606,50.0
2018-03-01,7607,50.0
2018-02-01,7608,50.0
2018-01-01,7609,50.0
2019-01-01,7625,50.0
2018-12-01,7626,50.0
2018-11-01,7627,50.0
2018-10-01,7628,50.0
2018-09-01,7629,50.0
2018-08-01,7630,50.0
2018-07-01,7631,50.0
2018-06-01,7632,50.0
2018-05-01,7633,50.0
2018-04-01,7634,50.0
2018-03-01,7635,50.0
2018-02-01,7636,50.0
2018-01-01,7637,50.0
2019-01-01,7653,50.0
2018-12-01,7654,50.0
2018-11-01,7655,50.0
2018-10-01,7656,50.0
2018-09-01,7657,50.0
2018-08-01,7658,50.0
2018-07-01,7659,50.0
2018-05-01,7660,50.0
2018-04-01,7661,50.0
2018-02-01,7662,50.0
2018-01-01,7663,50.0
2017-12-01,7664,50.0
2019-01-01,7679,50.0
2018-12-01,7680,50.0
2018-11-01,7681,50.0
2018-10-01,7682,50.0
2018-09-01,7683,50.0
2018-08-01,7684,50.0
2018-07-01,7685,50.0
2018-06-01,7686,50.0
2018-05-01,7687,50.0
2018-04-01,7688,50.0
2018-03-01,7689,50.0
2018-02-01,7690,50.0
2018-01-01,7691,50.0
2017-12-01,7692,50.0
2017-11-01,7693,50.0
2018-12-01,7694,52.0
2018-11-01,7695,52.0
2018-10-01,7696,52.0
2018-09-01,7697,52.0
2018-08-01,7698,52.0
2018-07-01,7699,52.0
2018-06-01,7700,52.0
2018-05-01,7701,52.0
2018-04-01,7702,52.0
2018-03-01,7703,52.0
2018-02-01,7704,52.0
2018-01-01,7705,52.0
2019-01-01,7707,52.0
2018-12-01,7708,52.0
2018-11-01,7709,52.0
2018-10-01,7710,52.0
2018-09-01,7711,52.0
2018-08-01,7712,52.0
2018-07-01,7713,52.0
2018-06-01,7714,52.0
2018-05-01,7715,52.0
2018-04-01,7716,52.0
2018-03-01,7717,52.0
2018-02-01,7718,52.0
2018-01-01,7719,52.0
2018-12-01,7720,52.0
2018-11-01,7721,52.0
2018-10-01,7722,52.0
2018-09-01,7723,52.0
2018-08-01,7724,52.0
2018-07-01,7725,52.0
2018-06-01,7726,52.0
2018-05-01,7727,52.0
2018-04-01,7728,52.0
2018-03-01,7729,52.0
2018-02-01,7730,52.0
2018-01-01,7731,52.0
2017-12-01,7732,52.0
2018-12-01,7733,52.0
2018-11-01,7734,52.0
2018-10-01,7735,52.0
2018-09-01,7736,52.0
2018-08-01,7737,52.0
2018-07-01,7738,52.0
2018-06-01,7739,52.0
2018-05-01,7740,52.0
2018-04-01,7741,52.0
2018-03-01,7742,52.0
2018-02-01,7743,52.0
2018-01-01,7744,52.0
2018-12-01,7747,53.0
2018-11-01,7748,53.0
2018-10-01,7749,53.0
2018-09-01,7750,53.0
2018-08-01,7751,53.0
2018-07-01,7752,53.0
2018-06-01,7753,53.0
2018-05-01,7754,53.0
2018-04-01,7755,53.0
2018-03-01,7756,53.0
2018-02-01,7757,53.0
2019-01-01,7758,54.0
2018-11-01,7759,54.0
2018-10-01,7760,54.0
2018-09-01,7761,54.0
2018-08-01,7762,54.0
2018-07-01,7763,54.0
2018-06-01,7764,54.0
2018-12-01,7765,55.0
2018-11-01,7766,55.0
2018-10-01,7767,55.0
2018-09-01,7768,55.0
2018-08-01,7769,55.0
2018-07-01,7770,55.0
2018-06-01,7771,55.0
2018-05-01,7772,55.0
2018-04-01,7773,55.0
2018-07-01,7774,55.0
2018-06-01,7775,55.0
2018-12-01,7782,55.0
2018-11-01,7783,55.0
2018-09-01,7784,55.0
2018-08-01,7785,55.0
2018-07-01,7786,55.0
2018-04-01,7787,55.0
2018-12-01,7789,55.0
2018-11-01,7790,55.0
2018-10-01,7791,55.0
2018-09-01,7792,55.0
2018-08-01,7793,55.0
2018-07-01,7794,55.0
2018-06-01,7795,55.0
2018-05-01,7796,55.0
2018-04-01,7797,55.0
2018-03-01,7798,55.0
2018-12-01,7799,57.0
2018-11-01,7800,57.0
2018-10-01,7801,57.0
2018-09-01,7802,57.0
2018-08-01,7803,57.0
2018-07-01,7804,57.0
2018-06-01,7805,57.0
2018-05-01,7806,57.0
2018-04-01,7807,57.0
2018-03-01,7808,57.0
2018-12-01,7811,57.0
2018-11-01,7812,57.0
2018-10-01,7813,57.0
2018-09-01,7814,57.0
2018-08-01,7815,57.0
2018-07-01,7816,57.0
2018-06-01,7817,57.0
2018-05-01,7818,57.0
2018-04-01,7819,57.0
2018-03-01,7820,57.0
2019-01-01,7836,58.0
2018-12-01,7837,58.0
2018-11-01,7838,58.0
2018-10-01,7839,58.0
2018-09-01,7840,58.0
2018-08-01,7841,58.0
2018-07-01,7842,58.0
2018-06-01,7843,58.0
2018-05-01,7844,58.0
2018-04-01,7845,58.0
2018-03-01,7846,58.0
2019-01-01,7876,58.0
2018-12-01,7877,58.0
2018-11-01,7878,58.0
2018-10-01,7879,58.0
2018-09-01,7880,58.0
2018-08-01,7881,58.0
2018-07-01,7882,58.0
2018-06-01,7883,58.0
2018-05-01,7884,58.0
2018-04-01,7885,58.0
2018-03-01,7886,58.0
2019-01-01,7913,58.0
2018-12-01,7914,58.0
2018-11-01,7915,58.0
2018-10-01,7916,58.0
2018-09-01,7917,58.0
2018-08-01,7918,58.0
2018-07-01,7919,58.0
2018-06-01,7920,58.0
2018-05-01,7921,58.0
2018-04-01,7922,58.0
2018-11-01,7933,58.0
2019-01-01,7985,58.0
2018-12-01,7986,58.0
2018-11-01,7987,58.0
2018-10-01,7988,58.0
2018-09-01,7989,58.0
2018-08-01,7990,58.0
2018-07-01,7991,58.0
2018-06-01,7992,58.0
2018-05-01,7993,58.0
2019-01-01,8009,58.0
2018-12-01,8010,58.0
2018-11-01,8011,58.0
2018-10-01,8012,58.0
2018-09-01,8013,58.0
2018-08-01,8014,58.0
2018-07-01,8015,58.0
2018-06-01,8016,58.0
2018-05-01,8017,58.0
2018-04-01,8018,58.0
2019-01-01,8034,58.0
2018-12-01,8035,58.0
2018-11-01,8036,58.0
2018-10-01,8037,58.0
2018-09-01,8038,58.0
2018-08-01,8039,58.0
2018-07-01,8040,58.0
2018-06-01,8041,58.0
2018-05-01,8042,58.0
2018-04-01,8043,58.0
2019-01-01,8059,58.0
2018-12-01,8060,58.0
2018-11-01,8061,58.0
2018-10-01,8062,58.0
2018-09-01,8063,58.0
2018-08-01,8064,58.0
2018-07-01,8065,58.0
2018-06-01,8066,58.0
2018-05-01,8067,58.0
2018-04-01,8068,58.0
2018-03-01,8069,58.0
2019-01-01,8085,58.0
2018-12-01,8086,58.0
2018-11-01,8087,58.0
2018-10-01,8088,58.0
2018-09-01,8089,58.0
2018-08-01,8090,58.0
2018-07-01,8091,58.0
2018-06-01,8092,58.0
2018-05-01,8093,58.0
2018-04-01,8094,58.0
2019-01-01,8110,59.0
2018-12-01,8111,59.0
2018-11-01,8112,59.0
2018-10-01,8113,59.0
2018-09-01,8114,59.0
2018-08-01,8115,59.0
2018-07-01,8116,59.0
2018-06-01,8117,59.0
2018-05-01,8118,59.0
2018-04-01,8119,59.0
2018-03-01,8120,59.0
2019-01-01,8136,59.0
2018-12-01,8137,59.0
2018-11-01,8138,59.0
2018-10-01,8139,59.0
2018-09-01,8140,59.0
2018-08-01,8141,59.0
2018-07-01,8142,59.0
2018-06-01,8143,59.0
2018-05-01,8144,59.0
2018-04-01,8145,59.0
2018-12-01,8198,59.0
2018-11-01,8199,59.0
2018-10-01,8200,59.0
2018-09-01,8201,59.0
2018-08-01,8202,59.0
2018-07-01,8203,59.0
2018-06-01,8204,59.0
2019-01-01,8220,59.0
2018-12-01,8221,59.0
2018-11-01,8222,59.0
2018-10-01,8223,59.0
2018-09-01,8224,59.0
2018-08-01,8225,59.0
2018-07-01,8226,59.0
2018-06-01,8227,59.0
2018-05-01,8228,59.0
2019-01-01,8244,59.0
2018-12-01,8245,59.0
2018-11-01,8246,59.0
2018-10-01,8247,59.0
2018-09-01,8248,59.0
2018-08-01,8249,59.0
2018-07-01,8250,59.0
2018-06-01,8251,59.0
2018-05-01,8252,59.0
2019-01-01,8268,59.0
2018-12-01,8269,59.0
2018-11-01,8270,59.0
2018-10-01,8271,59.0
2018-09-01,8272,59.0
2018-08-01,8273,59.0
2018-07-01,8274,59.0
2018-06-01,8275,59.0
2018-05-01,8276,59.0
2019-01-01,8292,59.0
2018-12-01,8293,59.0
2018-11-01,8294,59.0
2018-10-01,8295,59.0
2018-09-01,8296,59.0
2018-08-01,8297,59.0
2018-07-01,8298,59.0
2018-06-01,8299,59.0
2018-05-01,8300,59.0
2018-04-01,8301,59.0
2019-01-01,8309,60.0
2018-12-01,8310,60.0
2018-11-01,8311,60.0
2018-10-01,8312,60.0
2018-09-01,8313,60.0
2018-08-01,8314,60.0
2018-07-01,8315,60.0
2018-06-01,8316,60.0
2018-05-01,8317,60.0
2018-04-01,8318,60.0
2018-03-01,8319,60.0
2018-02-01,8320,60.0
2018-01-01,8321,60.0
2017-12-01,8322,60.0
2017-11-01,8323,60.0
2017-10-01,8324,60.0
2017-09-01,8325,60.0
2017-08-01,8326,60.0
2017-07-01,8327,60.0
2018-08-01,8328,60.0
2018-06-01,8329,60.0
2018-05-01,8330,60.0
2018-03-01,8331,60.0
2018-02-01,8332,60.0
2018-01-01,8333,60.0
2017-12-01,8334,60.0
2017-11-01,8335,60.0
2017-10-01,8336,60.0
2017-07-01,8337,60.0
2017-06-01,8338,60.0
2017-05-01,8339,60.0
2017-03-01,8340,60.0
2017-02-01,8341,60.0
2019-01-01,8348,60.0
2018-12-01,8349,60.0
2018-11-01,8350,60.0
2018-10-01,8351,60.0
2018-09-01,8352,60.0
2018-08-01,8353,60.0
2018-07-01,8354,60.0
2018-06-01,8355,60.0
2018-05-01,8356,60.0
2018-04-01,8357,60.0
2018-01-01,8358,60.0
2017-11-01,8359,60.0
2017-10-01,8360,60.0
2017-09-01,8361,60.0
2017-08-01,8362,60.0
2017-07-01,8363,60.0
2017-06-01,8364,60.0
2017-05-01,8365,60.0
2017-04-01,8366,60.0
2019-01-01,8374,60.0
2018-12-01,8375,60.0
2018-11-01,8376,60.0
2018-10-01,8377,60.0
2018-09-01,8378,60.0
2018-08-01,8379,60.0
2018-07-01,8380,60.0
2018-06-01,8381,60.0
2018-05-01,8382,60.0
2018-04-01,8383,60.0
2018-03-01,8384,60.0
2018-02-01,8385,60.0
2018-01-01,8386,60.0
2019-01-01,8394,60.0
2018-12-01,8395,60.0
2018-11-01,8396,60.0
2018-10-01,8397,60.0
2018-09-01,8398,60.0
2018-08-01,8399,60.0
2018-07-01,8400,60.0
2018-06-01,8401,60.0
2018-05-01,8402,60.0
2018-04-01,8403,60.0
2018-03-01,8404,60.0
2018-02-01,8405,60.0
2018-01-01,8406,60.0
2018-11-01,8407,61.0
2018-10-01,8408,61.0
2018-09-01,8409,61.0
2018-08-01,8410,61.0
2018-07-01,8411,61.0
2019-01-01,8424,62.0
2019-01-01,8450,62.0
2018-12-01,8451,62.0
2019-01-01,8466,62.0
2018-12-01,8467,62.0
2018-11-01,8468,62.0
2018-10-01,8469,62.0
2018-09-01,8470,62.0
2018-08-01,8471,62.0
2018-07-01,8472,62.0
2018-06-01,8473,62.0
2019-01-01,8492,64.0
2018-12-01,8493,64.0
2018-11-01,8494,64.0
2018-10-01,8495,64.0
2018-09-01,8496,64.0
2018-08-01,8497,64.0
2019-01-01,8512,64.0
2018-11-01,8513,64.0
2018-10-01,8514,64.0
2018-09-01,8515,64.0
2019-01-01,8531,64.0
2018-12-01,8532,64.0
2018-11-01,8533,64.0
2018-10-01,8534,64.0
2018-09-01,8535,64.0
2018-08-01,8536,64.0
2018-07-01,8537,64.0
2019-01-01,8552,64.0
2018-12-01,8553,64.0
2018-11-01,8554,64.0
2018-10-01,8555,64.0
2018-09-01,8556,64.0
2019-01-01,8570,64.0
2018-12-01,8571,64.0
2018-11-01,8572,64.0
2018-10-01,8573,64.0
2018-09-01,8574,64.0
2018-08-01,8575,64.0
2019-01-01,8591,64.0
2018-12-01,8592,64.0
2018-11-01,8593,64.0
2018-10-01,8594,64.0
2018-09-01,8595,64.0
2019-01-01,8609,64.0
2018-12-01,8610,64.0
2018-11-01,8611,64.0
2018-09-01,8612,64.0
2019-01-01,8624,64.0
2018-12-01,8625,64.0
2018-11-01,8626,64.0
2018-10-01,8627,64.0
2018-09-01,8628,64.0
2018-08-01,8629,64.0
2018-07-01,8630,64.0
2018-06-01,8631,64.0
2018-05-01,8632,64.0
2018-04-01,8633,64.0
2018-03-01,8634,64.0
2018-02-01,8635,64.0
2018-01-01,8636,64.0
2019-01-01,8706,64.0
2018-11-01,8707,64.0
2018-10-01,8708,64.0
2019-01-01,8722,64.0
2018-12-01,8723,64.0
2018-11-01,8724,64.0
2018-10-01,8725,64.0
2018-08-01,8726,64.0
2019-01-01,8734,64.0
2018-12-01,8735,64.0
2018-11-01,8736,64.0
2018-10-01,8737,64.0
2018-09-01,8738,64.0
2018-08-01,8739,64.0
2019-01-01,8755,65.0
2018-12-01,8756,65.0
2018-11-01,8757,65.0
2018-10-01,8758,65.0
2018-09-01,8759,65.0
2018-08-01,8760,65.0
2019-01-01,8775,65.0
2018-12-01,8776,65.0
2018-11-01,8777,65.0
2018-10-01,8778,65.0
2018-09-01,8779,65.0
2018-11-01,8798,65.0
2018-10-01,8799,65.0
2019-01-01,8806,66.0
2018-12-01,8807,66.0
2018-11-01,8808,66.0
2018-10-01,8809,66.0
2018-09-01,8810,66.0
2018-08-01,8811,66.0
2019-01-01,8823,66.0
2018-12-01,8824,66.0
2018-11-01,8825,66.0
2018-10-01,8826,66.0
2018-09-01,8827,66.0
2019-01-01,8839,66.0
2018-12-01,8840,66.0
2018-11-01,8841,66.0
2019-01-01,8852,66.0
2018-12-01,8853,66.0
2018-11-01,8854,66.0
2018-10-01,8855,66.0
2018-09-01,8856,66.0
2018-08-01,8857,66.0
2018-07-01,8858,66.0
2019-01-01,8876,66.0
2018-12-01,8877,66.0
2018-11-01,8878,66.0
2018-10-01,8879,66.0
2018-09-01,8880,66.0
2018-08-01,8881,66.0
2019-01-01,8892,66.0
2018-12-01,8893,66.0
2018-11-01,8894,66.0
2018-10-01,8895,66.0
2018-09-01,8896,66.0
2018-08-01,8897,66.0
2019-01-01,8909,66.0
2018-12-01,8910,66.0
2018-11-01,8911,66.0
2018-10-01,8912,66.0
2018-09-01,8913,66.0
2019-01-01,8930,66.0
2018-12-01,8931,66.0
2018-11-01,8932,66.0
2018-10-01,8933,66.0
2018-09-01,8934,66.0
2018-08-01,8935,66.0
2019-01-01,8947,66.0
2018-12-01,8948,66.0
2018-11-01,8949,66.0
2018-10-01,8950,66.0
2018-09-01,8951,66.0
2019-01-01,8966,66.0
2018-12-01,8967,66.0
2018-11-01,8968,66.0
2018-10-01,8969,66.0
2018-09-01,8970,66.0
2018-08-01,8971,66.0
2019-01-01,8983,66.0
2018-11-01,8984,66.0
2018-10-01,8985,66.0
2018-09-01,8986,66.0
2018-08-01,8987,66.0
2018-12-01,8988,66.0
2018-11-01,8989,66.0
2018-10-01,8990,66.0
2018-09-01,8991,66.0
2019-01-01,8998,67.0
2018-12-01,8999,67.0
2018-11-01,9000,67.0
2018-10-01,9001,67.0
2018-09-01,9002,67.0
2019-01-01,9008,67.0
2018-12-01,9009,67.0
2018-11-01,9010,67.0
2019-01-01,9018,67.0
2018-12-01,9019,67.0
2018-11-01,9020,67.0
2018-10-01,9021,67.0
2018-09-01,9022,67.0
2019-01-01,9027,67.0
2018-12-01,9028,67.0
2018-11-01,9029,67.0
2019-01-01,9039,68.0
2018-12-01,9040,68.0
2018-11-01,9041,68.0
2018-10-01,9042,68.0
2018-09-01,9043,68.0
2019-01-01,9048,68.0
2018-12-01,9049,68.0
2018-11-01,9050,68.0
2018-10-01,9051,68.0
2018-09-01,9052,68.0
2019-01-01,9059,68.0
2018-12-01,9060,68.0
2018-11-01,9061,68.0
2018-10-01,9062,68.0
2019-01-01,9075,69.0
2018-12-01,9076,69.0
2018-11-01,9077,69.0
2018-10-01,9078,69.0
2018-09-01,9079,69.0
2018-08-01,9080,69.0
2018-07-01,9081,69.0
2019-01-01,9089,69.0
2018-11-01,9090,69.0
2018-08-01,9091,69.0
2019-01-01,9096,69.0
2018-12-01,9097,69.0
2018-11-01,9098,69.0
2018-10-01,9099,69.0
2018-08-01,9100,69.0
2019-01-01,9112,69.0
2018-12-01,9113,69.0
2018-11-01,9114,69.0
2018-10-01,9115,69.0
2018-09-01,9116,69.0
2018-08-01,9117,69.0
2018-07-01,9118,69.0
2019-01-01,9137,69.0
2018-12-01,9138,69.0
2018-11-01,9139,69.0
2018-10-01,9140,69.0
2018-09-01,9141,69.0
2018-08-01,9142,69.0
2019-01-01,9154,69.0
2018-12-01,9155,69.0
2018-11-01,9156,69.0
2018-10-01,9157,69.0
2018-09-01,9158,69.0
2018-08-01,9159,69.0
2019-01-01,9168,69.0
2018-12-01,9169,69.0
2018-11-01,9170,69.0
2018-10-01,9171,69.0
2019-01-01,9186,69.0
2018-12-01,9187,69.0
2018-11-01,9188,69.0
2018-09-01,9189,69.0
2019-01-01,9201,69.0
2018-12-01,9202,69.0
2018-11-01,9203,69.0
2018-10-01,9204,69.0
2018-09-01,9205,69.0
2018-08-01,9206,69.0
2018-07-01,9207,69.0
2019-01-01,9219,69.0
2018-12-01,9220,69.0
2018-11-01,9221,69.0
2018-10-01,9222,69.0
2018-09-01,9223,69.0
2018-08-01,9224,69.0
2019-01-01,9236,69.0
2018-12-01,9237,69.0
2018-11-01,9238,69.0
2018-10-01,9239,69.0
2018-09-01,9240,69.0
2018-08-01,9241,69.0
2018-07-01,9242,69.0
2019-01-01,9254,70.0
2018-12-01,9255,70.0
2018-11-01,9256,70.0
2019-01-01,9272,70.0
2018-12-01,9273,70.0
2018-11-01,9274,70.0
2018-10-01,9275,70.0
2018-09-01,9276,70.0
2019-01-01,9292,70.0
2018-12-01,9293,70.0
2018-11-01,9294,70.0
2018-10-01,9295,70.0
2018-09-01,9296,70.0
2018-10-01,9305,70.0
2019-01-01,9317,70.0
2018-12-01,9318,70.0
2018-11-01,9319,70.0
2018-10-01,9320,70.0
2019-01-01,9330,70.0
2019-01-01,9340,70.0
2018-12-01,9341,70.0
2018-11-01,9342,70.0
2018-10-01,9343,70.0
2019-01-01,9361,70.0
2018-12-01,9362,70.0
2018-11-01,9363,70.0
2019-01-01,9384,70.0
2018-12-01,9385,70.0
2018-11-01,9386,70.0
2019-01-01,9402,70.0
2018-12-01,9403,70.0
2018-11-01,9404,70.0
2018-10-01,9405,70.0
2018-09-01,9406,70.0
2019-01-01,9422,70.0
2019-01-01,9434,72.0
2018-12-01,9435,72.0
2018-11-01,9436,72.0
2019-01-01,9448,72.0
2018-12-01,9449,72.0
2018-11-01,9450,72.0
2019-01-01,9498,73.0
2019-01-01,9514,75.0
2018-12-01,9515,75.0
2018-11-01,9516,75.0
2018-10-01,9517,75.0
2018-09-01,9518,75.0
2018-08-01,9519,75.0
2019-01-01,9535,75.0
2018-12-01,9536,75.0
2018-11-01,9537,75.0
2018-10-01,9538,75.0
2018-09-01,9539,75.0
2018-08-01,9540,75.0
2018-11-01,9566,75.0
2018-10-01,9567,75.0
2018-09-01,9568,75.0
2019-01-01,9580,75.0
2019-01-01,9617,75.0
2018-12-01,9618,75.0
2018-11-01,9619,75.0
2018-10-01,9620,75.0
2019-01-01,9636,75.0
2018-12-01,9637,75.0
2018-11-01,9638,75.0
2018-10-01,9639,75.0
2018-09-01,9640,75.0
2018-08-01,9641,75.0
2019-01-01,9657,75.0
2018-12-01,9658,75.0
2018-11-01,9659,75.0
2018-10-01,9660,75.0
2018-09-01,9661,75.0
2019-01-01,9677,75.0
2018-12-01,9678,75.0
2018-11-01,9679,75.0
2018-10-01,9680,75.0
2018-09-01,9681,75.0
2018-08-01,9682,75.0
2019-01-01,9698,75.0
2018-12-01,9699,75.0
2018-11-01,9700,75.0
2018-10-01,9701,75.0
2018-09-01,9702,75.0
2018-08-01,9703,75.0
2019-01-01,9711,76.0
2018-12-01,9712,76.0
2019-01-01,9728,76.0
2018-12-01,9729,76.0
2019-01-01,9739,76.0
2018-12-01,9740,76.0
2019-01-01,9767,77.0
2019-01-01,9783,77.0
2018-12-01,9784,77.0
2018-11-01,9785,77.0
2018-10-01,9786,77.0
2019-01-01,9802,77.0
2019-01-01,9818,77.0
2018-12-01,9819,77.0
2018-11-01,9820,77.0
2018-12-01,9834,77.0
2019-01-01,9850,77.0
2018-12-01,9851,77.0
2018-11-01,9852,77.0
2019-01-01,9868,77.0
2018-12-01,9869,77.0
2018-11-01,9870,77.0
2019-01-01,9886,77.0
2018-12-01,9887,77.0
2018-11-01,9888,77.0
2019-01-01,9916,77.0
2019-01-01,9932,77.0
2018-12-01,9933,77.0
2018-11-01,9934,77.0
2019-01-01,9948,77.0
2018-11-01,9949,77.0
2019-01-01,9956,78.0
2018-12-01,9957,78.0
2018-11-01,9958,78.0
2019-01-01,9970,78.0
2018-12-01,9971,78.0
2018-11-01,9972,78.0
2019-01-01,9980,78.0
2018-12-01,9981,78.0
2018-11-01,9982,78.0
